Workbook

Sheet العاصمه
A1: السنه | B1: الشهر | C1: حادث تلفيات | D1: حادث اصابات | E1: حادث وفيات | F1: مجموع عدد الحوادث | G1: السبت | H1: الا حد | I1: الاثنين | J1: الثلاثاء | K1: الا ربعاء | L1: الخميس | M1: الجمعة | N1: مجموع عدد الحوادث لجميع الأيام | O1: نهارا | P1: ليلا | Q1: مجموع عدد الحوادث حسب الوقت | R1: داخل المدينة | S1: خارج المدينة | T1: مجموع عدد الحوادث حسب مكان الحادث | U1: صغيرة | V1: جيب | W1: حافلة | X1: ونيت | Y1: نقل | Z1: وايت | AA1: اخرى | AB1: مجموع عدد السيارات المشتركة في الحوادث حسب الطراز | AC1: -18 | AD1: 18+ | AE1: 30+ | AF1: 40+ | AG1: 50+ | AH1: المجموع حسب العمر | AI1: سعودي | AJ1: اجنبي | AK1: المجموع حسب الجنسية | AL1: متزوج | AM1: اعزب | AN1: المجموع حسب الحالة الاجتماعية | AO1: متعلم | AP1: امى | AQ1: المجموع حسب الحالة التعليمية | AR1: نوع الرخصة خصوصى | AS1: نوع الرخصة عمومى | AT1: نوع الرخصة اليات | AU1: نوع الرخصة دراجة | AV1: السائق لا يحمل رخصة قيادة | AW1: المجموع | AX1: السائق لا يحمل رخصة قيادة | AY1: الرخصة سارية | AZ1: الرخصة منتهية | BA1: المجموع | BB1: تصادم مع سيارة | BC1: تصادم مع جسم ثابت | BD1: دهس مشاة | BE1: دهس حيوان | BF1: حريق | BG1: انقلاب | BH1: خروج عن الطريق | BI1: أخرى | BJ1: المجموع | BK1: توقف غير نظامى | BL1: دوران غير نظامى | BM1: تجاوز غير نظامى | BN1: عدم التقيد بالاشارة | BO1: السرعة الزائدة | BP1: السائق تحت تأثير مخدر | BQ1: اخرى | BR1: مجموع الحوادث حسب سبب الحادث | BS1: عدد المصابين | BT1: عدد المتوفين (القتلى) | BU1: سليم | BV1: مجموع الأشخاص المشمولين بالحوادث
A2: 1437 | B2: محرم | C2: 4405 | D2: 119 | E2: 55 | F2: =SUM(C2:E2) -> 4579 | G2: 650 | H2: 637 | I2: 616 | J2: 626 | K2: 705 | L2: 679 | M2: 666 | N2: =G2+H2+I2+J2+K2+L2+M2 -> 4579 | O2: 2953 | P2: 1626 | Q2: =SUM(O2:P2) -> 4579 | R2: 3214 | S2: 1365 | T2: =SUM(R2:S2) -> 4579 | U2: 3844 | V2: 1827 | W2: 310 | X2: 1796 | Y2: 399 | Z2: 208 | AA2: 41 | AB2: =SUM(U2:AA2) -> 8425 | AC2: 364 | AD2: 2179 | AE2: 3220 | AF2: 2297 | AG2: 332 | AH2: =SUM(AC2:AG2) -> 8392 | AI2: 5346 | AJ2: 3046 | AK2: =SUM(AI2:AJ2) -> 8392 | AL2: 3849 | AM2: 4543 | AN2: =SUM(AL2:AM2) -> 8392 | AO2: 8292 | AP2: 100 | AQ2: =SUM(AO2:AP2) -> 8392 | AR2: 4145 | AS2: 3416 | AT2: 232 | AU2: 384 | AV2: 215 | AW2: =+AR2+AS2+AT2+AU2+AV2 -> 8392 | AX2: =AV2 -> 215 | AY2: 7904 | AZ2: 273 | BA2: =SUM(AX2:AZ2) -> 8392 | BB2: 4229 | BC2: 79 | BD2: 37 | BE2: 3 | BF2: 0 | BG2: 43 | BH2: 113 | BI2: 75 | BJ2: =SUM(BB2:BI2) -> 4579 | BK2: 1166 | BL2: 370 | BM2: 460 | BN2: 1135 | BO2: 1416 | BP2: 0 | BQ2: 32 | BR2: =SUM(BK2:BQ2) -> 4579 | BS2: 237 | BT2: 82 | BU2: 8752 | BV2: =SUM(BS2:BU2) -> 9071
B3: صفر | C3: 4473 | D3: 111 | E3: 60 | F3: =SUM(C3:E3) -> 4644 | G3: 648 | H3: 647 | I3: 655 | J3: 655 | K3: 659 | L3: 692 | M3: 688 | N3: =G3+H3+I3+J3+K3+L3+M3 -> 4644 | O3: 2572 | P3: 2072 | Q3: =SUM(O3:P3) -> 4644 | R3: 3009 | S3: 1635 | T3: =SUM(R3:S3) -> 4644 | U3: 3424 | V3: 1444 | W3: 298 | X3: 2583 | Y3: 598 | Z3: 311 | AA3: 142 | AB3: =SUM(U3:AA3) -> 8800 | AC3: 320 | AD3: 2854 | AE3: 2227 | AF3: 2059 | AG3: 1191 | AH3: =SUM(AC3:AG3) -> 8651 | AI3: 5943 | AJ3: 2708 | AK3: =SUM(AI3:AJ3) -> 8651 | AL3: 5831 | AM3: 2820 | AN3: =SUM(AL3:AM3) -> 8651 | AO3: 8551 | AP3: 100 | AQ3: =SUM(AO3:AP3) -> 8651 | AR3: 4251 | AS3: 3580 | AT3: 283 | AU3: 295 | AV3: 242 | AW3: =SUM(AR3:AV3) -> 8651 | AX3: =AV3 -> 242 | AY3: 7975 | AZ3: 434 | BA3: =SUM(AX3:AZ3) -> 8651 | BB3: 4197 | BC3: 161 | BD3: 48 | BE3: 2 | BF3: 2 | BG3: 40 | BH3: 117 | BI3: 77 | BJ3: =SUM(BB3:BI3) -> 4644 | BK3: 775 | BL3: 852 | BM3: 314 | BN3: 1178 | BO3: 1402 | BP3: 0 | BQ3: 123 | BR3: =SUM(BK3:BQ3) -> 4644 | BS3: 295 | BT3: 82 | BU3: 8665 | BV3: =SUM(BS3:BU3) -> 9042
B4: ربيع أول | C4: 4628 | D4: 96 | E4: 64 | F4: =SUM(C4:E4) -> 4788 | G4: 838 | H4: 672 | I4: 632 | J4: 614 | K4: 659 | L4: 672 | M4: 701 | N4: =G4+H4+I4+J4+K4+L4+M4 -> 4788 | O4: 3019 | P4: 1769 | Q4: =SUM(O4:P4) -> 4788 | R4: 3499 | S4: 1289 | T4: =SUM(R4:S4) -> 4788 | U4: 3694 | V4: 1387 | W4: 224 | X4: 3001 | Y4: 442 | Z4: 138 | AA4: 131 | AB4: =SUM(U4:AA4) -> 9017 | AC4: 299 | AD4: 3004 | AE4: 2893 | AF4: 1755 | AG4: 995 | AH4: =SUM(AC4:AG4) -> 8946 | AI4: 6402 | AJ4: 2544 | AK4: =SUM(AI4:AJ4) -> 8946 | AL4: 4643 | AM4: 4303 | AN4: =SUM(AL4:AM4) -> 8946 | AO4: 8846 | AP4: 100 | AQ4: =SUM(AO4:AP4) -> 8946 | AR4: 6358 | AS4: 2106 | AT4: 118 | AU4: 91 | AV4: 273 | AW4: =SUM(AR4:AV4) -> 8946 | AX4: =AV4 -> 273 | AY4: 8074 | AZ4: 599 | BA4: =SUM(AX4:AZ4) -> 8946 | BB4: 4204 | BC4: 88 | BD4: 27 | BE4: 4 | BF4: 0 | BG4: 71 | BH4: 203 | BI4: 191 | BJ4: =SUM(BB4:BI4) -> 4788 | BK4: 211 | BL4: 968 | BM4: 107 | BN4: 1436 | BO4: 1163 | BP4: 0 | BQ4: 903 | BR4: =SUM(BK4:BQ4) -> 4788 | BS4: 256 | BT4: 82 | BU4: 8963 | BV4: =SUM(BS4:BU4) -> 9301
B5: ربيع ثانى | C5: 4647 | D5: 111 | E5: 83 | F5: =SUM(C5:E5) -> 4841 | G5: 628 | H5: 652 | I5: 778 | J5: 784 | K5: 648 | L5: 692 | M5: 659 | N5: =G5+H5+I5+J5+K5+L5+M5 -> 4841 | O5: 3153 | P5: 1688 | Q5: =SUM(O5:P5) -> 4841 | R5: 3517 | S5: 1324 | T5: =SUM(R5:S5) -> 4841 | U5: 3305 | V5: 1694 | W5: 132 | X5: 2801 | Y5: 524 | Z5: 76 | AA5: 56 | AB5: =SUM(U5:AA5) -> 8588 | AC5: 290 | AD5: 3345 | AE5: 2694 | AF5: 1543 | AG5: 592 | AH5: =SUM(AC5:AG5) -> 8464 | AI5: 5703 | AJ5: 2761 | AK5: =SUM(AI5:AJ5) -> 8464 | AL5: 4804 | AM5: 3660 | AN5: =SUM(AL5:AM5) -> 8464 | AO5: 8314 | AP5: 150 | AQ5: =SUM(AO5:AP5) -> 8464 | AR5: 5787 | AS5: 2256 | AT5: 159 | AU5: 41 | AV5: 221 | AW5: =SUM(AR5:AV5) -> 8464 | AX5: =AV5 -> 221 | AY5: 7687 | AZ5: 556 | BA5: =SUM(AX5:AZ5) -> 8464 | BB5: 4526 | BC5: 27 | BD5: 50 | BE5: 0 | BF5: 0 | BG5: 37 | BH5: 167 | BI5: 34 | BJ5: =SUM(BB5:BI5) -> 4841 | BK5: 748 | BL5: 988 | BM5: 324 | BN5: 101 | BO5: 794 | BP5: 0 | BQ5: 1886 | BR5: =SUM(BK5:BQ5) -> 4841 | BS5: 314 | BT5: 95 | BU5: 8555 | BV5: =SUM(BS5:BU5) -> 8964
B6: جمادى أول | C6: 4419 | D6: 81 | E6: 52 | F6: =SUM(C6:E6) -> 4552 | G6: 641 | H6: 634 | I6: 639 | J6: 640 | K6: 636 | L6: 680 | M6: 682 | N6: =G6+H6+I6+J6+K6+L6+M6 -> 4552 | O6: 2379 | P6: 2173 | Q6: =SUM(O6:P6) -> 4552 | R6: 2378 | S6: 2174 | T6: =SUM(R6:S6) -> 4552 | U6: 3526 | V6: 2399 | W6: 129 | X6: 1826 | Y6: 314 | Z6: 177 | AA6: 43 | AB6: =SUM(U6:AA6) -> 8414 | AC6: 300 | AD6: 2152 | AE6: 3224 | AF6: 2429 | AG6: 309 | AH6: =SUM(AC6:AG6) -> 8414 | AI6: 5169 | AJ6: 3245 | AK6: =SUM(AI6:AJ6) -> 8414 | AL6: 5300 | AM6: 3114 | AN6: =SUM(AL6:AM6) -> 8414 | AO6: 8200 | AP6: 214 | AQ6: =SUM(AO6:AP6) -> 8414 | AR6: 4407 | AS6: 2940 | AT6: 181 | AU6: 670 | AV6: 216 | AW6: =SUM(AR6:AV6) -> 8414 | AX6: =AV6 -> 216 | AY6: 7569 | AZ6: 629 | BA6: =SUM(AX6:AZ6) -> 8414 | BB6: 4445 | BC6: 12 | BD6: 40 | BE6: 1 | BF6: 1 | BG6: 26 | BH6: 8 | BI6: 19 | BJ6: =SUM(BB6:BI6) -> 4552 | BK6: 1411 | BL6: 1368 | BM6: 615 | BN6: 270 | BO6: 676 | BP6: 0 | BQ6: 212 | BR6: =SUM(BK6:BQ6) -> 4552 | BS6: 191 | BT6: 67 | BU6: 8263 | BV6: =SUM(BS6:BU6) -> 8521
B7: جمادى ثانى | C7: 4325 | D7: 112 | E7: 54 | F7: =SUM(C7:E7) -> 4491 | G7: 701 | H7: 637 | I7: 611 | J7: 608 | K7: 631 | L7: 666 | M7: 637 | N7: =G7+H7+I7+J7+K7+L7+M7 -> 4491 | O7: 3090 | P7: 1401 | Q7: =SUM(O7:P7) -> 4491 | R7: 3085 | S7: 1406 | T7: =SUM(R7:S7) -> 4491 | U7: 4159 | V7: 1286 | W7: 83 | X7: 2641 | Y7: 606 | Z7: 37 | AA7: 79 | AB7: =SUM(U7:AA7) -> 8891 | AC7: 101 | AD7: 3655 | AE7: 2687 | AF7: 1664 | AG7: 739 | AH7: =SUM(AC7:AG7) -> 8846 | AI7: 5735 | AJ7: 3111 | AK7: =SUM(AI7:AJ7) -> 8846 | AL7: 5006 | AM7: 3840 | AN7: =SUM(AL7:AM7) -> 8846 | AO7: 8696 | AP7: 150 | AQ7: =SUM(AO7:AP7) -> 8846 | AR7: 6124 | AS7: 2498 | AT7: 0 | AU7: 43 | AV7: 181 | AW7: =SUM(AR7:AV7) -> 8846 | AX7: =AV7 -> 181 | AY7: 8328 | AZ7: 337 | BA7: =SUM(AX7:AZ7) -> 8846 | BB7: 4227 | BC7: 26 | BD7: 42 | BE7: 2 | BF7: 1 | BG7: 56 | BH7: 71 | BI7: 66 | BJ7: =SUM(BB7:BI7) -> 4491 | BK7: 156 | BL7: 798 | BM7: 101 | BN7: 117 | BO7: 468 | BP7: 0 | BQ7: 2851 | BR7: =SUM(BK7:BQ7) -> 4491 | BS7: 243 | BT7: 69 | BU7: 8871 | BV7: =SUM(BS7:BU7) -> 9183
B8: رجب | C8: 4410 | D8: 97 | E8: 56 | F8: =SUM(C8:E8) -> 4563 | G8: 732 | H8: 652 | I8: 612 | J8: 617 | K8: 615 | L8: 628 | M8: 707 | N8: =G8+H8+I8+J8+K8+L8+M8 -> 4563 | O8: 2842 | P8: 1721 | Q8: =SUM(O8:P8) -> 4563 | R8: 3070 | S8: 1493 | T8: =SUM(R8:S8) -> 4563 | U8: 4156 | V8: 1199 | W8: 59 | X8: 3071 | Y8: 314 | Z8: 19 | AA8: 64 | AB8: =SUM(U8:AA8) -> 8882 | AC8: 97 | AD8: 3428 | AE8: 2819 | AF8: 1672 | AG8: 814 | AH8: =SUM(AC8:AG8) -> 8830 | AI8: 6409 | AJ8: 2421 | AK8: =SUM(AI8:AJ8) -> 8830 | AL8: 6314 | AM8: 2516 | AN8: =SUM(AL8:AM8) -> 8830 | AO8: 8730 | AP8: 100 | AQ8: =SUM(AO8:AP8) -> 8830 | AR8: 6383 | AS8: 2185 | AT8: 0 | AU8: 55 | AV8: 207 | AW8: =SUM(AR8:AV8) -> 8830 | AX8: =AV8 -> 207 | AY8: 7834 | AZ8: 789 | BA8: =SUM(AX8:AZ8) -> 8830 | BB8: 4212 | BC8: 80 | BD8: 41 | BE8: 1 | BF8: 0 | BG8: 31 | BH8: 112 | BI8: 86 | BJ8: =SUM(BB8:BI8) -> 4563 | BK8: 289 | BL8: 340 | BM8: 61 | BN8: 346 | BO8: 818 | BP8: 0 | BQ8: 2709 | BR8: =SUM(BK8:BQ8) -> 4563 | BS8: 238 | BT8: 71 | BU8: 8779 | BV8: =SUM(BS8:BU8) -> 9088
B9: شعبان | C9: 4591 | D9: 85 | E9: 53 | F9: =SUM(C9:E9) -> 4729 | G9: 801 | H9: 714 | I9: 652 | J9: 604 | K9: 629 | L9: 693 | M9: 636 | N9: =G9+H9+I9+J9+K9+L9+M9 -> 4729 | O9: 2785 | P9: 1944 | Q9: =SUM(O9:P9) -> 4729 | R9: 3202 | S9: 1527 | T9: =SUM(R9:S9) -> 4729 | U9: 4469 | V9: 1367 | W9: 73 | X9: 2711 | Y9: 488 | Z9: 26 | AA9: 69 | AB9: =SUM(U9:AA9) -> 9203 | AC9: 113 | AD9: 3619 | AE9: 3268 | AF9: 1320 | AG9: 804 | AH9: =SUM(AC9:AG9) -> 9124 | AI9: 7225 | AJ9: 1899 | AK9: =SUM(AI9:AJ9) -> 9124 | AL9: 4511 | AM9: 4613 | AN9: =SUM(AL9:AM9) -> 9124 | AO9: 9024 | AP9: 100 | AQ9: =SUM(AO9:AP9) -> 9124 | AR9: 6576 | AS9: 2301 | AT9: 0 | AU9: 69 | AV9: 178 | AW9: =SUM(AR9:AV9) -> 9124 | AX9: =AV9 -> 178 | AY9: 8339 | AZ9: 607 | BA9: =SUM(AX9:AZ9) -> 9124 | BB9: 4384 | BC9: 97 | BD9: 24 | BE9: 1 | BF9: 0 | BG9: 37 | BH9: 107 | BI9: 79 | BJ9: =SUM(BB9:BI9) -> 4729 | BK9: 106 | BL9: 279 | BM9: 71 | BN9: 217 | BO9: 987 | BP9: 0 | BQ9: 3069 | BR9: =SUM(BK9:BQ9) -> 4729 | BS9: 242 | BT9: 65 | BU9: 9024 | BV9: =SUM(BS9:BU9) -> 9331
B10: رمضان | C10: 4712 | D10: 113 | E10: 82 | F10: =SUM(C10:E10) -> 4907 | G10: 647 | H10: 634 | I10: 826 | J10: 810 | K10: 624 | L10: 713 | M10: 653 | N10: =G10+H10+I10+J10+K10+L10+M10 -> 4907 | O10: 1914 | P10: 2993 | Q10: =SUM(O10:P10) -> 4907 | R10: 3452 | S10: 1455 | T10: =SUM(R10:S10) -> 4907 | U10: 4972 | V10: 1386 | W10: 72 | X10: 2865 | Y10: 520 | Z10: 32 | AA10: 85 | AB10: =SUM(U10:AA10) -> 9932 | AC10: 338 | AD10: 2854 | AE10: 3469 | AF10: 2585 | AG10: 686 | AH10: =SUM(AC10:AG10) -> 9932 | AI10: 7100 | AJ10: 2832 | AK10: =SUM(AI10:AJ10) -> 9932 | AL10: 6107 | AM10: 3825 | AN10: =SUM(AL10:AM10) -> 9932 | AO10: 9757 | AP10: 175 | AQ10: =SUM(AO10:AP10) -> 9932 | AR10: 5110 | AS10: 3909 | AT10: 0 | AU10: 558 | AV10: 355 | AW10: =SUM(AR10:AV10) -> 9932 | AX10: =AV10 -> 355 | AY10: 9081 | AZ10: 496 | BA10: =SUM(AX10:AZ10) -> 9932 | BB10: 4667 | BC10: 61 | BD10: 68 | BE10: 1 | BF10: 0 | BG10: 35 | BH10: 9 | BI10: 66 | BJ10: =SUM(BB10:BI10) -> 4907 | BK10: 918 | BL10: 1000 | BM10: 1286 | BN10: 387 | BO10: 913 | BP10: 0 | BQ10: 403 | BR10: =SUM(BK10:BQ10) -> 4907 | BS10: 351 | BT10: 134 | BU10: 11045 | BV10: =SUM(BS10:BU10) -> 11530
B11: شوال | C11: 4520 | D11: 72 | E11: 44 | F11: =SUM(C11:E11) -> 4636 | G11: 636 | H11: 589 | I11: 690 | J11: 588 | K11: 704 | L11: 722 | M11: 707 | N11: =G11+H11+I11+J11+K11+L11+M11 -> 4636 | O11: 3147 | P11: 1489 | Q11: =SUM(O11:P11) -> 4636 | R11: 2850 | S11: 1786 | T11: =SUM(R11:S11) -> 4636 | U11: 4749 | V11: 1660 | W11: 347 | X11: 1761 | Y11: 395 | Z11: 222 | AA11: 138 | AB11: =SUM(U11:AA11) -> 9272 | AC11: 243 | AD11: 3795 | AE11: 2985 | AF11: 1541 | AG11: 708 | AH11: =SUM(AC11:AG11) -> 9272 | AI11: 6498 | AJ11: 2774 | AK11: =SUM(AI11:AJ11) -> 9272 | AL11: 4521 | AM11: 4751 | AN11: =SUM(AL11:AM11) -> 9272 | AO11: 9183 | AP11: 89 | AQ11: =SUM(AO11:AP11) -> 9272 | AR11: 6865 | AS11: 2102 | AT11: 0 | AU11: 42 | AV11: 263 | AW11: =SUM(AR11:AV11) -> 9272 | AX11: =AV11 -> 263 | AY11: 8448 | AZ11: 561 | BA11: =SUM(AX11:AZ11) -> 9272 | BB11: 3985 | BC11: 46 | BD11: 37 | BE11: 1 | BF11: 0 | BG11: 68 | BH11: 167 | BI11: 332 | BJ11: =SUM(BB11:BI11) -> 4636 | BK11: 105 | BL11: 295 | BM11: 95 | BN11: 246 | BO11: 1245 | BP11: 0 | BQ11: 2650 | BR11: =SUM(BK11:BQ11) -> 4636 | BS11: 291 | BT11: 86 | BU11: 9048 | BV11: =SUM(BS11:BU11) -> 9425
B12: ذى القعدة | C12: 4695 | D12: 70 | E12: 62 | F12: =SUM(C12:E12) -> 4827 | G12: 704 | H12: 681 | I12: 664 | J12: 689 | K12: 674 | L12: 714 | M12: 701 | N12: =G12+H12+I12+J12+K12+L12+M12 -> 4827 | O12: 2923 | P12: 1904 | Q12: =SUM(O12:P12) -> 4827 | R12: 3461 | S12: 1366 | T12: =SUM(R12:S12) -> 4827 | U12: 4787 | V12: 1321 | W12: 106 | X12: 2711 | Y12: 405 | Z12: 47 | AA12: 94 | AB12: =SUM(U12:AA12) -> 9471 | AC12: 83 | AD12: 3755 | AE12: 3102 | AF12: 1822 | AG12: 689 | AH12: =SUM(AC12:AG12) -> 9451 | AI12: 7489 | AJ12: 1962 | AK12: =SUM(AI12:AJ12) -> 9451 | AL12: 2511 | AM12: 6940 | AN12: =SUM(AL12:AM12) -> 9451 | AO12: 9301 | AP12: 150 | AQ12: =SUM(AO12:AP12) -> 9451 | AR12: 7347 | AS12: 1844 | AT12: 0 | AU12: 61 | AV12: 199 | AW12: =SUM(AR12:AV12) -> 9451 | AX12: =AV12 -> 199 | AY12: 9011 | AZ12: 241 | BA12: =SUM(AX12:AZ12) -> 9451 | BB12: 4545 | BC12: 58 | BD12: 29 | BE12: 1 | BF12: 0 | BG12: 37 | BH12: 119 | BI12: 38 | BJ12: =SUM(BB12:BI12) -> 4827 | BK12: 281 | BL12: 317 | BM12: 106 | BN12: 319 | BO12: 641 | BP12: 0 | BQ12: 3163 | BR12: =SUM(BK12:BQ12) -> 4827 | BS12: 194 | BT12: 71 | BU12: 9341 | BV12: =SUM(BS12:BU12) -> 9606
B13: ذى الحجة | C13: 4744 | D13: 148 | E13: 62 | F13: =SUM(C13:E13) -> 4954 | G13: 731 | H13: 674 | I13: 699 | J13: 704 | K13: 673 | L13: 724 | M13: 749 | N13: =G13+H13+I13+J13+K13+L13+M13 -> 4954 | O13: 2847 | P13: 2107 | Q13: =SUM(O13:P13) -> 4954 | R13: 3493 | S13: 1461 | T13: =SUM(R13:S13) -> 4954 | U13: 4531 | V13: 1322 | W13: 197 | X13: 3018 | Y13: 391 | Z13: 101 | AA13: 92 | AB13: =SUM(U13:AA13) -> 9652 | AC13: 91 | AD13: 4022 | AE13: 3457 | AF13: 1186 | AG13: 847 | AH13: =SUM(AC13:AG13) -> 9603 | AI13: 5912 | AJ13: 3691 | AK13: =SUM(AI13:AJ13) -> 9603 | AL13: 5012 | AM13: 4591 | AN13: =SUM(AL13:AM13) -> 9603 | AO13: 9403 | AP13: 200 | AQ13: =SUM(AO13:AP13) -> 9603 | AR13: 7974 | AS13: 1267 | AT13: 0 | AU13: 51 | AV13: 311 | AW13: =SUM(AR13:AV13) -> 9603 | AX13: =AV13 -> 311 | AY13: 9088 | AZ13: 204 | BA13: =SUM(AX13:AZ13) -> 9603 | BB13: 4583 | BC13: 57 | BD13: 104 | BE13: 3 | BF13: 0 | BG13: 35 | BH13: 68 | BI13: 104 | BJ13: =SUM(BB13:BI13) -> 4954 | BK13: 191 | BL13: 501 | BM13: 87 | BN13: 294 | BO13: 713 | BP13: 0 | BQ13: 3168 | BR13: =SUM(BK13:BQ13) -> 4954 | BS13: 262 | BT13: 65 | BU13: 9531 | BV13: =SUM(BS13:BU13) -> 9858
B14: المجموع | C14: =SUM(C2:C13) -> 54569 | D14: =SUM(D2:D13) -> 1215 | E14: =SUM(E2:E13) -> 727 | F14: =SUM(F2:F13) -> 56511 | G14: =SUM(G2:G13) -> 8357 | H14: =SUM(H2:H13) -> 7823 | I14: =SUM(I2:I13) -> 8074 | J14: =SUM(J2:J13) -> 7939 | ... M14: =SUM(M2:M13) -> 8186 | N14: =G14+H14+I14+J14+K14+L14+M14 -> 56511 | O14: =SUM(O2:O13) -> 33624 | P14: =SUM(P2:P13) -> 22887 | Q14: =SUM(Q2:Q13) -> 56511 | R14: =SUM(R2:R13) -> 38230 | S14: =SUM(S2:S13) -> 18281 | T14: =SUM(T2:T13) -> 56511 | U14: =SUM(U2:U13) -> 49616 | V14: =SUM(V2:V13) -> 18292 | ... BV14: =SUM(BV2:BV13) -> 112920
A15: 1438 | B15: محرم | C15: 883 | D15: 204 | E15: 37 | F15: =SUM(C15:E15) -> 1124 | G15: 165 | H15: 179 | I15: 161 | J15: 147 | K15: 176 | L15: 130 | M15: 166 | N15: =G15+H15+I15+J15+K15+L15+M15 -> 1124 | O15: 619 | P15: 505 | Q15: =SUM(O15:P15) -> 1124 | R15: 504 | S15: 620 | T15: =SUM(R15:S15) -> 1124 | U15: 822 | V15: 244 | W15: 0 | X15: 290 | Y15: 134 | Z15: 39 | AA15: 26 | AB15: =SUM(U15:AA15) -> 1555 | AC15: 193 | AD15: 535 | AE15: 472 | AF15: 218 | AG15: 137 | AH15: =SUM(AC15:AG15) -> 1555 | AI15: 1069 | AJ15: 486 | AK15: =SUM(AI15:AJ15) -> 1555 | AL15: 1148 | AM15: 407 | AN15: =SUM(AL15:AM15) -> 1555 | AO15: 1442 | AP15: 113 | AQ15: =SUM(AO15:AP15) -> 1555 | AR15: 1250 | AS15: 186 | AT15: 0 | AU15: 0 | AV15: 119 | AW15: =SUM(AR15:AV15) -> 1555 | AX15: =AV15 -> 119 | AY15: 1385 | AZ15: 51 | BA15: =SUM(AX15:AZ15) -> 1555 | BB15: 609 | BC15: 108 | BD15: 35 | BE15: 24 | BF15: 1 | BG15: 184 | BH15: 138 | BI15: 25 | BJ15: =SUM(BB15:BI15) -> 1124 | BK15: 15 | BL15: 12 | BM15: 54 | BN15: 5 | BO15: 124 | BP15: 1 | BQ15: 913 | BR15: =SUM(BK15:BQ15) -> 1124 | BS15: 326 | BT15: 45 | BU15: 1420 | BV15: =SUM(BS15:BU15) -> 1791
B16: صفر | C16: 939 | D16: 193 | E16: 34 | F16: =SUM(C16:E16) -> 1166 | G16: 152 | H16: 154 | I16: 173 | J16: 151 | K16: 201 | L16: 177 | M16: 158 | N16: =G16+H16+I16+J16+K16+L16+M16 -> 1166 | O16: 655 | P16: 511 | Q16: =SUM(O16:P16) -> 1166 | R16: 471 | S16: 695 | T16: =SUM(R16:S16) -> 1166 | U16: 835 | V16: 224 | W16: 6 | X16: 302 | Y16: 120 | Z16: 36 | AA16: 32 | AB16: =SUM(U16:AA16) -> 1555 | AC16: 217 | AD16: 517 | AE16: 392 | AF16: 258 | AG16: 171 | AH16: =SUM(AC16:AG16) -> 1555 | AI16: 1070 | AJ16: 485 | AK16: =SUM(AI16:AJ16) -> 1555 | AL16: 1017 | AM16: 538 | AN16: =SUM(AL16:AM16) -> 1555 | AO16: 1307 | AP16: 248 | AQ16: =SUM(AO16:AP16) -> 1555 | AR16: 1241 | AS16: 208 | AT16: 6 | AU16: 0 | AV16: 100 | AW16: =SUM(AR16:AV16) -> 1555 | AX16: =AV16 -> 100 | AY16: 1365 | AZ16: 90 | BA16: =SUM(AX16:AZ16) -> 1555 | BB16: 611 | BC16: 187 | BD16: 46 | BE16: 22 | BF16: 1 | BG16: 160 | BH16: 118 | BI16: 21 | BJ16: =SUM(BB16:BI16) -> 1166 | BK16: 21 | BL16: 28 | BM16: 34 | BN16: 5 | BO16: 244 | BP16: 0 | BQ16: 834 | BR16: =SUM(BK16:BQ16) -> 1166 | BS16: 272 | BT16: 42 | BU16: 1352 | BV16: =SUM(BS16:BU16) -> 1666
B17: ربيع أول | C17: 1061 | D17: 264 | E17: 40 | F17: =SUM(C17:E17) -> 1365 | G17: 193 | H17: 179 | I17: 187 | J17: 203 | K17: 243 | L17: 172 | M17: 188 | N17: =G17+H17+I17+J17+K17+L17+M17 -> 1365 | O17: 795 | P17: 570 | Q17: =SUM(O17:P17) -> 1365 | R17: 633 | S17: 732 | T17: =SUM(R17:S17) -> 1365 | U17: 1137 | V17: 246 | W17: 4 | X17: 361 | Y17: 124 | Z17: 36 | AA17: 35 | AB17: =SUM(U17:AA17) -> 1943 | AC17: 267 | AD17: 557 | AE17: 602 | AF17: 305 | AG17: 212 | AH17: =SUM(AC17:AG17) -> 1943 | AI17: 1421 | AJ17: 522 | AK17: =SUM(AI17:AJ17) -> 1943 | AL17: 1426 | AM17: 517 | AN17: =SUM(AL17:AM17) -> 1943 | AO17: 1911 | AP17: 32 | AQ17: =SUM(AO17:AP17) -> 1943 | AR17: 1578 | AS17: 249 | AT17: 2 | AU17: 5 | AV17: 109 | AW17: =SUM(AR17:AV17) -> 1943 | AX17: =AV17 -> 109 | AY17: 1664 | AZ17: 170 | BA17: =SUM(AX17:AZ17) -> 1943 | BB17: 777 | BC17: 241 | BD17: 46 | BE17: 17 | BF17: 0 | BG17: 146 | BH17: 135 | BI17: 3 | BJ17: =SUM(BB17:BI17) -> 1365 | BK17: 15 | BL17: 56 | BM17: 54 | BN17: 10 | BO17: 287 | BP17: 0 | BQ17: 943 | BR17: =SUM(BK17:BQ17) -> 1365 | BS17: 462 | BT17: 52 | BU17: 1676 | BV17: =SUM(BS17:BU17) -> 2190
B18: ربيع ثانى | C18: 1148 | D18: 287 | E18: 34 | F18: =SUM(C18:E18) -> 1469 | G18: 172 | H18: 227 | I18: 193 | J18: 195 | K18: 213 | L18: 266 | M18: 203 | N18: =G18+H18+I18+J18+K18+L18+M18 -> 1469 | O18: 800 | P18: 669 | Q18: =SUM(O18:P18) -> 1469 | R18: 819 | S18: 650 | T18: =SUM(R18:S18) -> 1469 | U18: 1511 | V18: 321 | W18: 8 | X18: 421 | Y18: 136 | Z18: 31 | AA18: 11 | AB18: =SUM(U18:AA18) -> 2439 | AC18: 352 | AD18: 721 | AE18: 798 | AF18: 425 | AG18: 143 | AH18: =SUM(AC18:AG18) -> 2439 | AI18: 1696 | AJ18: 743 | AK18: =SUM(AI18:AJ18) -> 2439 | AL18: 1814 | AM18: 625 | AN18: =SUM(AL18:AM18) -> 2439 | AO18: 2405 | AP18: 34 | AQ18: =SUM(AO18:AP18) -> 2439 | AR18: 1843 | AS18: 426 | AT18: 2 | AU18: 0 | AV18: 168 | AW18: =SUM(AR18:AV18) -> 2439 | AX18: =AV18 -> 168 | AY18: 1982 | AZ18: 289 | BA18: =SUM(AX18:AZ18) -> 2439 | BB18: 1054 | BC18: 194 | BD18: 37 | BE18: 27 | BF18: 0 | BG18: 124 | BH18: 27 | BI18: 6 | BJ18: =SUM(BB18:BI18) -> 1469 | BK18: 11 | BL18: 18 | BM18: 45 | BN18: 0 | BO18: 219 | BP18: 0 | BQ18: 1176 | BR18: =SUM(BK18:BQ18) -> 1469 | BS18: 420 | BT18: 38 | BU18: 1363 | BV18: =SUM(BS18:BU18) -> 1821
B19: جمادى أول | C19: 1111 | D19: 274 | E19: 26 | F19: =SUM(C19:E19) -> 1411 | G19: 219 | H19: 191 | I19: 168 | J19: 191 | K19: 215 | L19: 187 | M19: 240 | N19: =G19+H19+I19+J19+K19+L19+M19 -> 1411 | O19: 859 | P19: 552 | Q19: =SUM(O19:P19) -> 1411 | R19: 707 | S19: 704 | T19: =SUM(R19:S19) -> 1411 | U19: 1312 | V19: 314 | W19: 19 | X19: 407 | Y19: 161 | Z19: 20 | AA19: 21 | AB19: =SUM(U19:AA19) -> 2254 | AC19: 281 | AD19: 681 | AE19: 749 | AF19: 357 | AG19: 186 | AH19: =SUM(AC19:AG19) -> 2254 | AI19: 1563 | AJ19: 691 | AK19: =SUM(AI19:AJ19) -> 2254 | AL19: 1657 | AM19: 597 | AN19: =SUM(AL19:AM19) -> 2254 | AO19: 2222 | AP19: 32 | AQ19: =SUM(AO19:AP19) -> 2254 | AR19: 1673 | AS19: 373 | AT19: 7 | AU19: 1 | AV19: 200 | AW19: =SUM(AR19:AV19) -> 2254 | AX19: =AV19 -> 200 | AY19: 1769 | AZ19: 285 | BA19: =SUM(AX19:AZ19) -> 2254 | BB19: 1010 | BC19: 189 | BD19: 40 | BE19: 13 | BF19: 3 | BG19: 114 | BH19: 37 | BI19: 5 | BJ19: =SUM(BB19:BI19) -> 1411 | BK19: 8 | BL19: 12 | BM19: 45 | BN19: 0 | BO19: 184 | BP19: 0 | BQ19: 1162 | BR19: =SUM(BK19:BQ19) -> 1411 | BS19: 415 | BT19: 33 | BU19: 1802 | BV19: =SUM(BS19:BU19) -> 2250
B20: جمادى ثانى | C20: 1143 | D20: 247 | E20: 28 | F20: =SUM(C20:E20) -> 1418 | G20: 203 | H20: 199 | I20: 206 | J20: 219 | K20: 203 | L20: 188 | M20: 200 | N20: =G20+H20+I20+J20+K20+L20+M20 -> 1418 | O20: 860 | P20: 558 | Q20: =SUM(O20:P20) -> 1418 | R20: 718 | S20: 700 | T20: =SUM(R20:S20) -> 1418 | U20: 1181 | V20: 340 | W20: 6 | X20: 418 | Y20: 303 | Z20: 24 | AA20: 37 | AB20: =SUM(U20:AA20) -> 2309 | AC20: 261 | AD20: 808 | AE20: 757 | AF20: 328 | AG20: 155 | AH20: =SUM(AC20:AG20) -> 2309 | AI20: 1712 | AJ20: 597 | AK20: =SUM(AI20:AJ20) -> 2309 | AL20: 1809 | AM20: 500 | AN20: =SUM(AL20:AM20) -> 2309 | AO20: 2287 | AP20: 22 | AQ20: =SUM(AO20:AP20) -> 2309 | AR20: 1658 | AS20: 507 | AT20: 3 | AU20: 0 | AV20: 141 | AW20: =SUM(AR20:AV20) -> 2309 | AX20: =AV20 -> 141 | AY20: 1922 | AZ20: 246 | BA20: =SUM(AX20:AZ20) -> 2309 | BB20: 993 | BC20: 203 | BD20: 33 | BE20: 33 | BF20: 2 | BG20: 115 | BH20: 23 | BI20: 16 | BJ20: =SUM(BB20:BI20) -> 1418 | BK20: 32 | BL20: 61 | BM20: 89 | BN20: 10 | BO20: 160 | BP20: 0 | BQ20: 1066 | BR20: =SUM(BK20:BQ20) -> 1418 | BS20: 386 | BT20: 29 | BU20: 2223 | BV20: =SUM(BS20:BU20) -> 2638
B21: رجب | C21: 1084 | D21: 277 | E21: 39 | F21: =SUM(C21:E21) -> 1400 | G21: 185 | H21: 231 | I21: 190 | J21: 178 | K21: 201 | L21: 195 | M21: 220 | N21: =G21+H21+I21+J21+K21+L21+M21 -> 1400 | O21: 837 | P21: 563 | Q21: =SUM(O21:P21) -> 1400 | R21: 652 | S21: 748 | T21: =SUM(R21:S21) -> 1400 | U21: 1268 | V21: 302 | W21: 15 | X21: 472 | Y21: 154 | Z21: 29 | AA21: 24 | AB21: =SUM(U21:AA21) -> 2264 | AC21: 241 | AD21: 844 | AE21: 707 | AF21: 359 | AG21: 113 | AH21: =SUM(AC21:AG21) -> 2264 | AI21: 1587 | AJ21: 677 | AK21: =SUM(AI21:AJ21) -> 2264 | AL21: 1441 | AM21: 823 | AN21: =SUM(AL21:AM21) -> 2264 | AO21: 2221 | AP21: 43 | AQ21: =SUM(AO21:AP21) -> 2264 | AR21: 1693 | AS21: 482 | AT21: 0 | AU21: 0 | AV21: 89 | AW21: =SUM(AR21:AV21) -> 2264 | AX21: =AV21 -> 89 | AY21: 1753 | AZ21: 422 | BA21: =SUM(AX21:AZ21) -> 2264 | BB21: 1017 | BC21: 139 | BD21: 34 | BE21: 30 | BF21: 1 | BG21: 106 | BH21: 63 | BI21: 10 | BJ21: =SUM(BB21:BI21) -> 1400 | BK21: 10 | BL21: 40 | BM21: 75 | BN21: 0 | BO21: 261 | BP21: 0 | BQ21: 1014 | BR21: =SUM(BK21:BQ21) -> 1400 | BS21: 424 | BT21: 45 | BU21: 2202 | BV21: =SUM(BS21:BU21) -> 2671
B22: شعبان | C22: 1217 | D22: 255 | E22: 43 | F22: =SUM(C22:E22) -> 1515 | G22: 200 | H22: 249 | I22: 184 | J22: 190 | K22: 235 | L22: 240 | M22: 217 | N22: =G22+H22+I22+J22+K22+L22+M22 -> 1515 | O22: 959 | P22: 556 | Q22: =SUM(O22:P22) -> 1515 | R22: 752 | S22: 763 | T22: =SUM(R22:S22) -> 1515 | U22: 1567 | V22: 235 | W22: 9 | X22: 356 | Y22: 237 | Z22: 24 | AA22: 79 | AB22: =SUM(U22:AA22) -> 2507 | AC22: 259 | AD22: 744 | AE22: 727 | AF22: 568 | AG22: 209 | AH22: =SUM(AC22:AG22) -> 2507 | AI22: 1837 | AJ22: 670 | AK22: =SUM(AI22:AJ22) -> 2507 | AL22: 1664 | AM22: 843 | AN22: =SUM(AL22:AM22) -> 2507 | AO22: 2465 | AP22: 42 | AQ22: =SUM(AO22:AP22) -> 2507 | AR22: 1837 | AS22: 530 | AT22: 3 | AU22: 1 | AV22: 136 | AW22: =SUM(AR22:AV22) -> 2507 | AX22: =AV22 -> 136 | AY22: 1961 | AZ22: 410 | BA22: =SUM(AX22:AZ22) -> 2507 | BB22: 957 | BC22: 253 | BD22: 49 | BE22: 51 | BF22: 1 | BG22: 131 | BH22: 73 | BI22: 0 | BJ22: =SUM(BB22:BI22) -> 1515 | BK22: 0 | BL22: 4 | BM22: 16 | BN22: 0 | BO22: 116 | BP22: 0 | BQ22: 1379 | BR22: =SUM(BK22:BQ22) -> 1515 | BS22: 351 | BT22: 50 | BU22: 2372 | BV22: =SUM(BS22:BU22) -> 2773
B23: رمضان | C23: 1352 | D23: 187 | E23: 23 | F23: =SUM(C23:E23) -> 1562 | G23: 225 | H23: 219 | I23: 216 | J23: 190 | K23: 251 | L23: 237 | M23: 224 | N23: =G23+H23+I23+J23+K23+L23+M23 -> 1562 | O23: 950 | P23: 612 | Q23: =SUM(O23:P23) -> 1562 | R23: 861 | S23: 701 | T23: =SUM(R23:S23) -> 1562 | U23: 1456 | V23: 214 | W23: 5 | X23: 256 | Y23: 221 | Z23: 13 | AA23: 45 | AB23: =SUM(U23:AA23) -> 2210 | AC23: 244 | AD23: 645 | AE23: 561 | AF23: 468 | AG23: 292 | AH23: =SUM(AC23:AG23) -> 2210 | AI23: 1492 | AJ23: 718 | AK23: =SUM(AI23:AJ23) -> 2210 | AL23: 914 | AM23: 1296 | AN23: =SUM(AL23:AM23) -> 2210 | AO23: 2200 | AP23: 10 | AQ23: =SUM(AO23:AP23) -> 2210 | AR23: 1614 | AS23: 454 | AT23: 0 | AU23: 0 | AV23: 142 | AW23: =SUM(AR23:AV23) -> 2210 | AX23: =AV23 -> 142 | AY23: 1668 | AZ23: 400 | BA23: =SUM(AX23:AZ23) -> 2210 | BB23: 987 | BC23: 224 | BD23: 28 | BE23: 12 | BF23: 0 | BG23: 229 | BH23: 82 | BI23: 0 | BJ23: =SUM(BB23:BI23) -> 1562 | BK23: 0 | BL23: 0 | BM23: 0 | BN23: 0 | BO23: 263 | BP23: 0 | BQ23: 1299 | BR23: =SUM(BK23:BQ23) -> 1562 | BS23: 333 | BT23: 33 | BU23: 1875 | BV23: =SUM(BS23:BU23) -> 2241
B24: شوال | C24: 1205 | D24: 242 | E24: 51 | F24: =SUM(C24:E24) -> 1498 | G24: 206 | H24: 234 | I24: 172 | J24: 198 | K24: 253 | L24: 233 | M24: 202 | N24: =G24+H24+I24+J24+K24+L24+M24 -> 1498 | O24: 768 | P24: 730 | Q24: =SUM(O24:P24) -> 1498 | R24: 942 | S24: 556 | T24: =SUM(R24:S24) -> 1498 | U24: 1389 | V24: 221 | W24: 9 | X24: 265 | Y24: 205 | Z24: 52 | AA24: 78 | AB24: =SUM(U24:AA24) -> 2219 | AC24: 143 | AD24: 684 | AE24: 724 | AF24: 474 | AG24: 194 | AH24: =SUM(AC24:AG24) -> 2219 | AI24: 1638 | AJ24: 581 | AK24: =SUM(AI24:AJ24) -> 2219 | AL24: 1584 | AM24: 635 | AN24: =SUM(AL24:AM24) -> 2219 | AO24: 2149 | AP24: 70 | AQ24: =SUM(AO24:AP24) -> 2219 | AR24: 1916 | AS24: 186 | AT24: 0 | AU24: 0 | AV24: 117 | AW24: =SUM(AR24:AV24) -> 2219 | AX24: =AV24 -> 117 | AY24: 2069 | AZ24: 33 | BA24: =SUM(AX24:AZ24) -> 2219 | BB24: 1066 | BC24: 136 | BD24: 41 | BE24: 24 | BF24: 6 | BG24: 101 | BH24: 114 | BI24: 10 | BJ24: =SUM(BB24:BI24) -> 1498 | BK24: 46 | BL24: 43 | BM24: 76 | BN24: 49 | BO24: 113 | BP24: 0 | BQ24: 1171 | BR24: =SUM(BK24:BQ24) -> 1498 | BS24: 333 | BT24: 62 | BU24: 2166 | BV24: =SUM(BS24:BU24) -> 2561
B25: ذى القعدة | C25: 1122 | D25: 186 | E25: 26 | F25: =SUM(C25:E25) -> 1334 | G25: 234 | H25: 176 | I25: 180 | J25: 209 | K25: 184 | L25: 167 | M25: 184 | N25: =G25+H25+I25+J25+K25+L25+M25 -> 1334 | O25: 660 | P25: 674 | Q25: =SUM(O25:P25) -> 1334 | R25: 935 | S25: 399 | T25: =SUM(R25:S25) -> 1334 | U25: 1491 | V25: 189 | W25: 6 | X25: 241 | Y25: 114 | Z25: 49 | AA25: 20 | AB25: =SUM(U25:AA25) -> 2110 | AC25: 168 | AD25: 596 | AE25: 867 | AF25: 348 | AG25: 131 | AH25: =SUM(AC25:AG25) -> 2110 | AI25: 1413 | AJ25: 697 | AK25: =SUM(AI25:AJ25) -> 2110 | AL25: 1206 | AM25: 904 | AN25: =SUM(AL25:AM25) -> 2110 | AO25: 2095 | AP25: 15 | AQ25: =SUM(AO25:AP25) -> 2110 | AR25: 1737 | AS25: 296 | AT25: 0 | AU25: 2 | AV25: 75 | AW25: =SUM(AR25:AV25) -> 2110 | AX25: =AV25 -> 75 | AY25: 1789 | AZ25: 246 | BA25: =SUM(AX25:AZ25) -> 2110 | BB25: 946 | BC25: 144 | BD25: 39 | BE25: 13 | BF25: 2 | BG25: 100 | BH25: 84 | BI25: 6 | BJ25: =SUM(BB25:BI25) -> 1334 | BK25: 8 | BL25: 6 | BM25: 27 | BN25: 2 | BO25: 126 | BP25: 0 | BQ25: 1165 | BR25: =SUM(BK25:BQ25) -> 1334 | BS25: 264 | BT25: 33 | BU25: 1763 | BV25: =SUM(BS25:BU25) -> 2060
B26: ذى الحجة | C26: 1033 | D26: 214 | E26: 40 | F26: =SUM(C26:E26) -> 1287 | G26: 154 | H26: 177 | I26: 178 | J26: 214 | K26: 206 | L26: 167 | M26: 191 | N26: =G26+H26+I26+J26+K26+L26+M26 -> 1287 | O26: 688 | P26: 599 | Q26: =SUM(O26:P26) -> 1287 | R26: 763 | S26: 524 | T26: =SUM(R26:S26) -> 1287 | U26: 1211 | V26: 240 | W26: 16 | X26: 336 | Y26: 107 | Z26: 64 | AA26: 27 | AB26: =SUM(U26:AA26) -> 2001 | AC26: 214 | AD26: 638 | AE26: 790 | AF26: 257 | AG26: 102 | AH26: =SUM(AC26:AG26) -> 2001 | AI26: 1507 | AJ26: 494 | AK26: =SUM(AI26:AJ26) -> 2001 | AL26: 1404 | AM26: 597 | AN26: =SUM(AL26:AM26) -> 2001 | AO26: 1944 | AP26: 57 | AQ26: =SUM(AO26:AP26) -> 2001 | AR26: 1866 | AS26: 110 | AT26: 0 | AU26: 1 | AV26: 24 | AW26: =SUM(AR26:AV26) -> 2001 | AX26: =AV26 -> 24 | AY26: 1912 | AZ26: 65 | BA26: =SUM(AX26:AZ26) -> 2001 | BB26: 827 | BC26: 182 | BD26: 43 | BE26: 26 | BF26: 6 | BG26: 124 | BH26: 39 | BI26: 40 | BJ26: =SUM(BB26:BI26) -> 1287 | BK26: 18 | BL26: 36 | BM26: 31 | BN26: 15 | BO26: 106 | BP26: 0 | BQ26: 1081 | BR26: =SUM(BK26:BQ26) -> 1287 | BS26: 393 | BT26: 45 | BU26: 1827 | BV26: =SUM(BS26:BU26) -> 2265
B27: المجموع | C27: =SUM(C15:C26) -> 13298 | D27: =SUM(D15:D26) -> 2830 | E27: =SUM(E15:E26) -> 421 | F27: =SUM(F15:F26) -> 16549 | G27: =SUM(G15:G26) -> 2308 | H27: =SUM(H15:H26) -> 2415 | I27: =SUM(I15:I26) -> 2208 | J27: =SUM(J15:J26) -> 2285 | ... M27: =SUM(M15:M26) -> 2393 | N27: =G27+H27+I27+J27+K27+L27+M27 -> 16549 | O27: =SUM(O15:O26) -> 9450 | P27: =SUM(P15:P26) -> 7099 | Q27: =SUM(Q15:Q26) -> 16549 | R27: =SUM(R15:R26) -> 8757 | S27: =SUM(S15:S26) -> 7792 | T27: =SUM(T15:T26) -> 16549 | U27: =SUM(U15:U26) -> 15180 | V27: =SUM(V15:V26) -> 3090 | ... BV27: =SUM(BV15:BV26) -> 26927
A28: 1439 | B28: محرم | C28: 5047 | D28: 277 | E28: 75 | F28: =SUM(C28:E28) -> 5399 | G28: 919 | H28: 781 | I28: 625 | J28: 814 | K28: 702 | L28: 775 | M28: 783 | N28: =G28+H28+I28+J28+K28++L28+M28 -> 5399 | O28: 2819 | P28: 2580 | Q28: =SUM(O28:P28) -> 5399 | R28: 2452 | S28: 2947 | T28: =SUM(R28:S28) -> 5399 | U28: 1214 | V28: 1561 | W28: 63 | X28: 984 | Y28: 1475 | Z28: 102 | AA28: 0 | AB28: =SUM(U28:AA28) -> 5399 | AC28: 2417 | AD28: 4583 | AE28: 4390 | AF28: 1264 | AG28: 274 | AH28: =SUM(AC28:AG28) -> 12928 | AI28: 9522 | AJ28: 3406 | AK28: =SUM(AI28:AJ28) -> 12928 | AL28: 8115 | AM28: 4813 | AN28: =SUM(AL28:AM28) -> 12928 | AO28: 12901 | AP28: 27 | AQ28: =SUM(AO28:AP28) -> 12928 | AR28: 7892 | AS28: 2480 | AT28: 0 | AU28: 0 | AV28: 2556 | AW28: =+AR28+AS28+AT28+AU28+AV28 -> 12928 | AX28: =AV28 -> 2556 | AY28: 8611 | AZ28: 1761 | BA28: =SUM(AX28:AZ28) -> 12928 | BB28: 1647 | BC28: 1542 | BD28: 0 | BE28: 1 | BF28: 0 | BG28: 1132 | BH28: 261 | BI28: 816 | BJ28: =SUM(BB28:BI28) -> 5399 | BK28: 1022 | BL28: 974 | BM28: 891 | BN28: 1208 | BO28: 1304 | BP28: 0 | BQ28: 0 | BR28: =SUM(BK28:BQ28) -> 5399 | BS28: 393 | BT28: 100 | BU28: 12435 | BV28: =SUM(BS28:BU28) -> 12928
B29: صفر | C29: 5941 | D29: 255 | E29: 78 | F29: =SUM(C29:E29) -> 6274 | G29: 1427 | H29: 1407 | I29: 1434 | J29: 857 | K29: 421 | L29: 388 | M29: 340 | N29: =G29+H29+I29+J29+K29++L29+M29 -> 6274 | O29: 4589 | P29: 1685 | Q29: =SUM(O29:P29) -> 6274 | R29: 5367 | S29: 907 | T29: =SUM(R29:S29) -> 6274 | U29: 849 | V29: 663 | W29: 45 | X29: 79 | Y29: 1062 | Z29: 55 | AA29: 0 | AB29: =SUM(U29:AA29) -> 2753 | AC29: 1843 | AD29: 2281 | AE29: 2452 | AF29: 2053 | AG29: 1012 | AH29: =SUM(AC29:AG29) -> 9641 | AI29: 5968 | AJ29: 3673 | AK29: =SUM(AI29:AJ29) -> 9641 | AL29: 4883 | AM29: 4758 | AN29: =SUM(AL29:AM29) -> 9641 | AO29: 9594 | AP29: 47 | AQ29: =SUM(AO29:AP29) -> 9641 | AR29: 5072 | AS29: 2375 | AT29: 0 | AU29: 0 | AV29: 2194 | AW29: =SUM(AR29:AV29) -> 9641 | AX29: =AV29 -> 2194 | AY29: 5796 | AZ29: 1651 | BA29: =SUM(AX29:AZ29) -> 9641 | BB29: 2287 | BC29: 2274 | BD29: 0 | BE29: 3 | BF29: 0 | BG29: 1331 | BH29: 117 | BI29: 262 | BJ29: =SUM(BB29:BI29) -> 6274 | BK29: 1700 | BL29: 1940 | BM29: 898 | BN29: 739 | BO29: 997 | BP29: 0 | BQ29: 0 | BR29: =SUM(BK29:BQ29) -> 6274 | BS29: 433 | BT29: 98 | BU29: 9110 | BV29: =SUM(BS29:BU29) -> 9641
B30: ربيع أول | C30: 7808 | D30: 271 | E30: 87 | F30: =SUM(C30:E30) -> 8166 | G30: 1209 | H30: 1435 | I30: 1121 | J30: 1122 | K30: 1140 | L30: 1063 | M30: 1076 | N30: =G30+H30+I30+J30+K30++L30+M30 -> 8166 | O30: 4896 | P30: 3270 | Q30: =SUM(O30:P30) -> 8166 | R30: 3987 | S30: 4179 | T30: =SUM(R30:S30) -> 8166 | U30: 2377 | V30: 1648 | W30: 422 | X30: 1763 | Y30: 1055 | Z30: 901 | AA30: 0 | AB30: =SUM(U30:AA30) -> 8166 | AC30: 2722 | AD30: 3833 | AE30: 3697 | AF30: 3841 | AG30: 1852 | AH30: =SUM(AC30:AG30) -> 15945 | AI30: 9576 | AJ30: 6369 | AK30: =SUM(AI30:AJ30) -> 15945 | AL30: 10286 | AM30: 5659 | AN30: =SUM(AL30:AM30) -> 15945 | AO30: 15844 | AP30: 101 | AQ30: =SUM(AO30:AP30) -> 15945 | AR30: 6947 | AS30: 4399 | AT30: 0 | AU30: 0 | AV30: 4599 | AW30: =SUM(AR30:AV30) -> 15945 | AX30: =AV30 -> 4599 | AY30: 9285 | AZ30: 2061 | BA30: =SUM(AX30:AZ30) -> 15945 | BB30: 3195 | BC30: 2286 | BD30: 0 | BE30: 2 | BF30: 0 | BG30: 566 | BH30: 546 | BI30: 1571 | BJ30: =SUM(BB30:BI30) -> 8166 | BK30: 1669 | BL30: 1418 | BM30: 1255 | BN30: 1380 | BO30: 2444 | BP30: 0 | BQ30: 0 | BR30: =SUM(BK30:BQ30) -> 8166 | BS30: 455 | BT30: 105 | BU30: 15385 | BV30: =SUM(BS30:BU30) -> 15945
B31: ربيع ثانى | C31: 7821 | D31: 266 | E31: 79 | F31: =SUM(C31:E31) -> 8166 | G31: 1368 | H31: 1436 | I31: 1094 | J31: 1054 | K31: 1085 | L31: 1076 | M31: 1053 | N31: =G31+H31+I31+J31+K31++L31+M31 -> 8166 | O31: 4274 | P31: 3892 | Q31: =SUM(O31:P31) -> 8166 | R31: 4501 | S31: 3665 | T31: =SUM(R31:S31) -> 8166 | U31: 2114 | V31: 1648 | W31: 758 | X31: 1789 | Y31: 1147 | Z31: 710 | AA31: 0 | AB31: =SUM(U31:AA31) -> 8166 | AC31: 2855 | AD31: 3796 | AE31: 3541 | AF31: 3280 | AG31: 1709 | AH31: =SUM(AC31:AG31) -> 15181 | AI31: 8645 | AJ31: 6536 | AK31: =SUM(AI31:AJ31) -> 15181 | AL31: 10223 | AM31: 4958 | AN31: =SUM(AL31:AM31) -> 15181 | AO31: 14894 | AP31: 287 | AQ31: =SUM(AO31:AP31) -> 15181 | AR31: 6685 | AS31: 4277 | AT31: 0 | AU31: 0 | AV31: 4219 | AW31: =SUM(AR31:AV31) -> 15181 | AX31: =AV31 -> 4219 | AY31: 8141 | AZ31: 2821 | BA31: =SUM(AX31:AZ31) -> 15181 | BB31: 3398 | BC31: 2118 | BD31: 0 | BE31: 0 | BF31: 2 | BG31: 524 | BH31: 547 | BI31: 1577 | BJ31: =SUM(BB31:BI31) -> 8166 | BK31: 1688 | BL31: 1608 | BM31: 1512 | BN31: 1366 | BO31: 1992 | BP31: 0 | BQ31: 0 | BR31: =SUM(BK31:BQ31) -> 8166 | BS31: 427 | BT31: 91 | BU31: 15181 | BV31: =SUM(BS31:BU31) -> 15699
B32: جمادى أول | C32: 7923 | D32: 237 | E32: 81 | F32: =SUM(C32:E32) -> 8241 | G32: 1410 | H32: 1298 | I32: 1014 | J32: 1088 | K32: 1110 | L32: 1125 | M32: 1196 | N32: =G32+H32+I32+J32+K32++L32+M32 -> 8241 | O32: 4321 | P32: 3920 | Q32: =SUM(O32:P32) -> 8241 | R32: 4320 | S32: 3921 | T32: =SUM(R32:S32) -> 8241 | U32: 2118 | V32: 1759 | W32: 512 | X32: 1923 | Y32: 1126 | Z32: 803 | AA32: 0 | AB32: =SUM(U32:AA32) -> 8241 | AC32: 2844 | AD32: 3862 | AE32: 3623 | AF32: 3841 | AG32: 1721 | AH32: =SUM(AC32:AG32) -> 15891 | AI32: 9428 | AJ32: 6463 | AK32: =SUM(AI32:AJ32) -> 15891 | AL32: 10322 | AM32: 5569 | AN32: =SUM(AL32:AM32) -> 15891 | AO32: 15819 | AP32: 72 | AQ32: =SUM(AO32:AP32) -> 15891 | AR32: 6544 | AS32: 4377 | AT32: 0 | AU32: 0 | AV32: 4970 | AW32: =SUM(AR32:AV32) -> 15891 | AX32: =AV32 -> 4970 | AY32: 8176 | AZ32: 2745 | BA32: =SUM(AX32:AZ32) -> 15891 | BB32: 3973 | BC32: 2387 | BD32: 0 | BE32: 1 | BF32: 1 | BG32: 526 | BH32: 639 | BI32: 714 | BJ32: =SUM(BB32:BI32) -> 8241 | BK32: 1758 | BL32: 1511 | BM32: 1318 | BN32: 1426 | BO32: 2228 | BP32: 0 | BQ32: 0 | BR32: =SUM(BK32:BQ32) -> 8241 | BS32: 358 | BT32: 96 | BU32: 15437 | BV32: =SUM(BS32:BU32) -> 15891
B33: جمادى ثانى | C33: 6449 | D33: 259 | E33: 79 | F33: =SUM(C33:E33) -> 6787 | G33: 1015 | H33: 1003 | I33: 941 | J33: 956 | K33: 996 | L33: 991 | M33: 885 | N33: =G33+H33+I33+J33+K33++L33+M33 -> 6787 | O33: 3211 | P33: 3576 | Q33: =SUM(O33:P33) -> 6787 | R33: 3961 | S33: 2826 | T33: =SUM(R33:S33) -> 6787 | U33: 2579 | V33: 1246 | W33: 339 | X33: 721 | Y33: 1044 | Z33: 858 | AA33: 0 | AB33: =SUM(U33:AA33) -> 6787 | AC33: 2386 | AD33: 3864 | AE33: 3129 | AF33: 3285 | AG33: 1215 | AH33: =SUM(AC33:AG33) -> 13879 | AI33: 7821 | AJ33: 6058 | AK33: =SUM(AI33:AJ33) -> 13879 | AL33: 6873 | AM33: 7006 | AN33: =SUM(AL33:AM33) -> 13879 | AO33: 13801 | AP33: 78 | AQ33: =SUM(AO33:AP33) -> 13879 | AR33: 5399 | AS33: 4582 | AT33: 0 | AU33: 0 | AV33: 3898 | AW33: =SUM(AR33:AV33) -> 13879 | AX33: =AV33 -> 3898 | AY33: 7489 | AZ33: 2492 | BA33: =SUM(AX33:AZ33) -> 13879 | BB33: 3736 | BC33: 1309 | BD33: 0 | BE33: 1 | BF33: 13 | BG33: 643 | BH33: 794 | BI33: 291 | BJ33: =SUM(BB33:BI33) -> 6787 | BK33: 1209 | BL33: 581 | BM33: 1187 | BN33: 1719 | BO33: 2091 | BP33: 0 | BQ33: 0 | BR33: =SUM(BK33:BQ33) -> 6787 | BS33: 379 | BT33: 96 | BU33: 13404 | BV33: =SUM(BS33:BU33) -> 13879
B34: رجب | C34: 6955 | D34: 227 | E34: 65 | F34: =SUM(C34:E34) -> 7247 | G34: 1164 | H34: 1222 | I34: 1015 | J34: 1051 | K34: 1023 | L34: 863 | M34: 909 | N34: =G34+H34+I34+J34+K34++L34+M34 -> 7247 | O34: 3839 | P34: 3408 | Q34: =SUM(O34:P34) -> 7247 | R34: 3788 | S34: 3459 | T34: =SUM(R34:S34) -> 7247 | U34: 2347 | V34: 1908 | W34: 64 | X34: 983 | Y34: 1419 | Z34: 526 | AA34: 0 | AB34: =SUM(U34:AA34) -> 7247 | AC34: 2916 | AD34: 3605 | AE34: 3411 | AF34: 3629 | AG34: 1185 | AH34: =SUM(AC34:AG34) -> 14746 | AI34: 9281 | AJ34: 5465 | AK34: =SUM(AI34:AJ34) -> 14746 | AL34: 10201 | AM34: 4545 | AN34: =SUM(AL34:AM34) -> 14746 | AO34: 14695 | AP34: 51 | AQ34: =SUM(AO34:AP34) -> 14746 | AR34: 6614 | AS34: 4231 | AT34: 0 | AU34: 0 | AV34: 3901 | AW34: =SUM(AR34:AV34) -> 14746 | AX34: =AV34 -> 3901 | AY34: 8257 | AZ34: 2588 | BA34: =SUM(AX34:AZ34) -> 14746 | BB34: 4522 | BC34: 1596 | BD34: 0 | BE34: 2 | BF34: 0 | BG34: 581 | BH34: 491 | BI34: 55 | BJ34: =SUM(BB34:BI34) -> 7247 | BK34: 1809 | BL34: 1214 | BM34: 1147 | BN34: 1165 | BO34: 1912 | BP34: 0 | BQ34: 0 | BR34: =SUM(BK34:BQ34) -> 7247 | BS34: 383 | BT34: 83 | BU34: 14280 | BV34: =SUM(BS34:BU34) -> 14746
B35: شعبان | C35: 6516 | D35: 258 | E35: 63 | F35: =SUM(C35:E35) -> 6837 | G35: 1162 | H35: 970 | I35: 1093 | J35: 899 | K35: 853 | L35: 947 | M35: 913 | N35: =G35+H35+I35+J35+K35++L35+M35 -> 6837 | O35: 4017 | P35: 2820 | Q35: =SUM(O35:P35) -> 6837 | R35: 4240 | S35: 2597 | T35: =SUM(R35:S35) -> 6837 | U35: 3869 | V35: 1149 | W35: 44 | X35: 703 | Y35: 984 | Z35: 88 | AA35: 0 | AB35: =SUM(U35:AA35) -> 6837 | AC35: 2791 | AD35: 4633 | AE35: 4920 | AF35: 1933 | AG35: 641 | AH35: =SUM(AC35:AG35) -> 14918 | AI35: 9513 | AJ35: 5405 | AK35: =SUM(AI35:AJ35) -> 14918 | AL35: 8447 | AM35: 6471 | AN35: =SUM(AL35:AM35) -> 14918 | AO35: 14885 | AP35: 33 | AQ35: =SUM(AO35:AP35) -> 14918 | AR35: 8519 | AS35: 3853 | AT35: 0 | AU35: 0 | AV35: 2546 | AW35: =SUM(AR35:AV35) -> 14918 | AX35: =AV35 -> 2546 | AY35: 10365 | AZ35: 2007 | BA35: =SUM(AX35:AZ35) -> 14918 | BB35: 4892 | BC35: 1423 | BD35: 31 | BE35: 7 | BF35: 0 | BG35: 257 | BH35: 227 | BI35: 0 | BJ35: =SUM(BB35:BI35) -> 6837 | BK35: 637 | BL35: 901 | BM35: 1813 | BN35: 896 | BO35: 2590 | BP35: 0 | BQ35: 0 | BR35: =SUM(BK35:BQ35) -> 6837 | BS35: 393 | BT35: 75 | BU35: 14450 | BV35: =SUM(BS35:BU35) -> 14918
B36: رمضان | C36: 4997 | D36: 229 | E36: 71 | F36: =SUM(C36:E36) -> 5297 | G36: 851 | H36: 777 | I36: 731 | J36: 741 | K36: 765 | L36: 722 | M36: 710 | N36: =SUM(G36:M36) -> 5297 | O36: 2170 | P36: 3127 | Q36: =SUM(O36:P36) -> 5297 | R36: 3862 | S36: 1435 | T36: =SUM(R36:S36) -> 5297 | U36: 2372 | V36: 1350 | W36: 45 | X36: 989 | Y36: 505 | Z36: 36 | AA36: 0 | AB36: =SUM(U36:AA36) -> 5297 | AC36: 2405 | AD36: 3791 | AE36: 3112 | AF36: 2150 | AG36: 1301 | AH36: =SUM(AC36:AG36) -> 12759 | AI36: 8499 | AJ36: 4260 | AK36: =SUM(AI36:AJ36) -> 12759 | AL36: 9168 | AM36: 3591 | AN36: =SUM(AL36:AM36) -> 12759 | AO36: 12727 | AP36: 32 | AQ36: =SUM(AO36:AP36) -> 12759 | AR36: 6402 | AS36: 3830 | AT36: 0 | AU36: 0 | AV36: 2527 | AW36: =SUM(AR36:AV36) -> 12759 | AX36: =AV36 -> 2527 | AY36: 8122 | AZ36: 2110 | BA36: =SUM(AX36:AZ36) -> 12759 | BB36: 3301 | BC36: 811 | BD36: 25 | BE36: 0 | BF36: 0 | BG36: 467 | BH36: 693 | BI36: 0 | BJ36: =SUM(BB36:BI36) -> 5297 | BK36: 638 | BL36: 645 | BM36: 1078 | BN36: 988 | BO36: 1948 | BP36: 0 | BQ36: 0 | BR36: =SUM(BK36:BQ36) -> 5297 | BS36: 335 | BT36: 82 | BU36: 12342 | BV36: =SUM(BS36:BU36) -> 12759
B37: شوال | C37: 5226 | D37: 238 | E37: 80 | F37: =SUM(C37:E37) -> 5544 | G37: 755 | H37: 633 | I37: 783 | J37: 833 | K37: 840 | L37: 835 | M37: 865 | N37: =G37+H37+I37+J37+K37++L37+M37 -> 5544 | O37: 2614 | P37: 2930 | Q37: =SUM(O37:P37) -> 5544 | R37: 2798 | S37: 2746 | T37: =SUM(R37:S37) -> 5544 | U37: 2238 | V37: 1439 | W37: 479 | X37: 751 | Y37: 596 | Z37: 41 | AA37: 0 | AB37: =SUM(U37:AA37) -> 5544 | AC37: 1914 | AD37: 2259 | AE37: 2371 | AF37: 1991 | AG37: 1882 | AH37: =SUM(AC37:AG37) -> 10417 | AI37: 4690 | AJ37: 5727 | AK37: =SUM(AI37:AJ37) -> 10417 | AL37: 5423 | AM37: 4994 | AN37: =SUM(AL37:AM37) -> 10417 | AO37: 9899 | AP37: 518 | AQ37: =SUM(AO37:AP37) -> 10417 | AR37: 4346 | AS37: 3371 | AT37: 0 | AU37: 0 | AV37: 2700 | AW37: =SUM(AR37:AV37) -> 10417 | AX37: =AV37 -> 2700 | AY37: 4075 | AZ37: 3642 | BA37: =SUM(AX37:AZ37) -> 10417 | BB37: 1377 | BC37: 2402 | BD37: 489 | BE37: 4 | BF37: 0 | BG37: 764 | BH37: 508 | BI37: 0 | BJ37: =SUM(BB37:BI37) -> 5544 | BK37: 957 | BL37: 1018 | BM37: 1190 | BN37: 1143 | BO37: 1236 | BP37: 0 | BQ37: 0 | BR37: =SUM(BK37:BQ37) -> 5544 | BS37: 384 | BT37: 100 | BU37: 9933 | BV37: =SUM(BS37:BU37) -> 10417
B38: ذى القعدة | C38: 5620 | D38: 197 | E38: 54 | F38: =SUM(C38:E38) -> 5871 | G38: 923 | H38: 852 | I38: 912 | J38: 849 | K38: 847 | L38: 820 | M38: 668 | N38: =G38+H38+I38+J38+K38++L38+M38 -> 5871 | O38: 2475 | P38: 3396 | Q38: =SUM(O38:P38) -> 5871 | R38: 2911 | S38: 2960 | T38: =SUM(R38:S38) -> 5871 | U38: 2833 | V38: 1549 | W38: 47 | X38: 899 | Y38: 507 | Z38: 36 | AA38: 0 | AB38: =SUM(U38:AA38) -> 5871 | AC38: 2311 | AD38: 3536 | AE38: 3240 | AF38: 2176 | AG38: 1382 | AH38: =SUM(AC38:AG38) -> 12645 | AI38: 8735 | AJ38: 3910 | AK38: =SUM(AI38:AJ38) -> 12645 | AL38: 9211 | AM38: 3434 | AN38: =SUM(AL38:AM38) -> 12645 | AO38: 12599 | AP38: 46 | AQ38: =SUM(AO38:AP38) -> 12645 | AR38: 6422 | AS38: 3795 | AT38: 0 | AU38: 0 | AV38: 2428 | AW38: =SUM(AR38:AV38) -> 12645 | AX38: =AV38 -> 2428 | AY38: 8105 | AZ38: 2112 | BA38: =SUM(AX38:AZ38) -> 12645 | BB38: 3734 | BC38: 974 | BD38: 27 | BE38: 0 | BF38: 0 | BG38: 454 | BH38: 382 | BI38: 300 | BJ38: =SUM(BB38:BI38) -> 5871 | BK38: 677 | BL38: 782 | BM38: 1011 | BN38: 967 | BO38: 2134 | BP38: 0 | BQ38: 300 | BR38: =SUM(BK38:BQ38) -> 5871 | BS38: 313 | BT38: 65 | BU38: 12267 | BV38: =SUM(BS38:BU38) -> 12645
B39: ذى الحجة | C39: 5786 | D39: 183 | E39: 86 | F39: =SUM(C39:E39) -> 6055 | G39: 914 | H39: 921 | I39: 685 | J39: 641 | K39: 692 | L39: 721 | M39: 1481 | N39: =G39+H39+I39+J39+K39++L39+M39 -> 6055 | O39: 3411 | P39: 2644 | Q39: =SUM(O39:P39) -> 6055 | R39: 2908 | S39: 3147 | T39: =SUM(R39:S39) -> 6055 | U39: 3111 | V39: 1659 | W39: 26 | X39: 641 | Y39: 436 | Z39: 182 | AA39: 0 | AB39: =SUM(U39:AA39) -> 6055 | AC39: 2429 | AD39: 3601 | AE39: 3460 | AF39: 2199 | AG39: 2015 | AH39: =SUM(AC39:AG39) -> 13704 | AI39: 8865 | AJ39: 4839 | AK39: =SUM(AI39:AJ39) -> 13704 | AL39: 9221 | AM39: 4483 | AN39: =SUM(AL39:AM39) -> 13704 | AO39: 13675 | AP39: 29 | AQ39: =SUM(AO39:AP39) -> 13704 | AR39: 6792 | AS39: 4396 | AT39: 0 | AU39: 0 | AV39: 2516 | AW39: =SUM(AR39:AV39) -> 13704 | AX39: =AV39 -> 2516 | AY39: 9154 | AZ39: 2034 | BA39: =SUM(AX39:AZ39) -> 13704 | BB39: 3827 | BC39: 839 | BD39: 37 | BE39: 0 | BF39: 1 | BG39: 382 | BH39: 969 | BI39: 0 | BJ39: =SUM(BB39:BI39) -> 6055 | BK39: 704 | BL39: 692 | BM39: 1501 | BN39: 947 | BO39: 2211 | BP39: 0 | BQ39: 0 | BR39: =SUM(BK39:BQ39) -> 6055 | BS39: 301 | BT39: 100 | BU39: 13303 | BV39: =SUM(BS39:BU39) -> 13704
B40: المجموع | C40: =SUM(C28:C39) -> 76089 | D40: =SUM(D28:D39) -> 2897 | E40: =SUM(E28:E39) -> 898 | F40: =SUM(F28:F39) -> 79884 | G40: =SUM(G28:G39) -> 13117 | H40: =SUM(H28:H39) -> 12735 | I40: =SUM(I28:I39) -> 11448 | J40: =SUM(J28:J39) -> 10905 | ... M40: =SUM(M28:M39) -> 10879 | N40: =G40+H40+I40+J40+K40++L40+M40 -> 79884 | O40: =SUM(O28:O39) -> 42636 | P40: =SUM(P28:P39) -> 37248 | Q40: =SUM(Q28:Q39) -> 79884 | R40: =SUM(R28:R39) -> 45095 | S40: =SUM(S28:S39) -> 34789 | T40: =SUM(T28:T39) -> 79884 | U40: =SUM(U28:U39) -> 28021 | V40: =SUM(V28:V39) -> 17579 | ... BV40: =SUM(BV28:BV39) -> 163172
B41: المجموع النهائي | C41: =SUM(C14,C27,C40) -> 143956 | D41: =SUM(D14,D27,D40) -> 6942 | E41: =SUM(E14,E27,E40) -> 2046 | F41: =SUM(F14,F27,F40) -> 152944 | G41: =SUM(G14,G27,G40) -> 23782 | H41: =SUM(H14,H27,H40) -> 22973 | I41: =SUM(I14,I27,I40) -> 21730 | J41: =SUM(J14,J27,J40) -> 21129 | ... BV41: =SUM(BV14,BV27,BV40) -> 303019

Sheet القريات
A1: الشهر | B1: حادث تلفيات | C1: حادث اصابات | D1: حادث وفيات | E1: مجموع عدد الحوادث | F1: السبت | G1: الا حد | H1: الاثنين | I1: الثلاثاء | J1: الا ربعاء | K1: الخميس | L1: الجمعة | M1: مجموع عدد الحوادث لجميع الأيام | N1: نهارا | O1: ليلا | P1: مجموع عدد الحوادث حسب الوقت | Q1: داخل المدينة | R1: خارج المدينة | S1: مجموع عدد الحوادث حسب مكان الحادث | T1: صغيرة | U1: جيب | V1: حافلة | W1: ونيت | X1: نقل | Y1: وايت | Z1: اخرى | AA1: مجموع عدد السيارات المشتركة في الحوادث حسب الطراز | AB1: -18 | AC1: 18+ | AD1: 30+ | AE1: 40+ | AF1: 50+ | AG1: المجموع حسب العمر | AH1: سعودي | AI1: اجنبي | AJ1: المجموع حسب الجنسية | AK1: متزوج | AL1: اعزب | AM1: المجموع حسب الحالة الاجتماعية | AN1: متعلم | AO1: امى | AP1: المجموع حسب الحالة التعليمية | AQ1: نوع الرخصة خصوصى | AR1: نوع الرخصة عمومى | AS1: نوع الرخصة اليات | AT1: نوع الرخصة دراجة | AU1: السائق لا يحمل رخصة قيادة | AV1: المجموع | AW1: السائق لا يحمل رخصة قيادة | AX1: الرخصة سارية | AY1: الرخصة منتهية | AZ1: المجموع | BA1: تصادم مع سيارة | BB1: تصادم مع جسم ثابت | BC1: دهس مشاة | BD1: دهس حيوان | BE1: حريق | BF1: انقلاب | BG1: خروج عن الطريق | BH1: أخرى | BI1: المجموع | BJ1: توقف غير نظامى | BK1: دوران غير نظامى | BL1: تجاوز غير نظامى | BM1: عدم التقيد بالاشارة | BN1: السرعة الزائدة | BO1: السائق تحت تأثير مخدر | BP1: اخرى | BQ1: مجموع الحوادث حسب سبب الحادث | BR1: عدد المصابين | BS1: عدد المتوفين (القتلى) | BT1: سليم | BU1: مجموع الأشخاص المشمولين بالحوادث
A2: محرم | B2: 311 | C2: 24 | D2: 5 | E2: =SUM(B2:D2) -> 340 | F2: 42 | G2: 36 | H2: 45 | I2: 45 | J2: 58 | K2: 65 | L2: 49 | M2: =F2+G2+H2+I2+J2+K2+L2 -> 340 | N2: 66 | O2: 274 | P2: =SUM(N2:O2) -> 340 | Q2: 323 | R2: 17 | S2: =SUM(Q2:R2) -> 340 | T2: 277 | U2: 196 | V2: 0 | W2: 0 | X2: 185 | Y2: 2 | Z2: 2 | AA2: =SUM(T2:Z2) -> 662 | AB2: 68 | AC2: 456 | AD2: 98 | AE2: 32 | AF2: 8 | AG2: =SUM(AB2:AF2) -> 662 | AH2: 525 | AI2: 137 | AJ2: =SUM(AH2:AI2) -> 662 | AK2: 507 | AL2: 155 | AM2: =SUM(AK2:AL2) -> 662 | AN2: 661 | AO2: 1 | AP2: =SUM(AN2:AO2) -> 662 | AQ2: 626 | AR2: 19 | AS2: 0 | AT2: 0 | AU2: 17 | AV2: =+AQ2+AR2+AS2+AT2+AU2 -> 662 | AW2: =AU2 -> 17 | AX2: 607 | AY2: 38 | AZ2: =SUM(AW2:AY2) -> 662 | BA2: 322 | BB2: 7 | BC2: 2 | BD2: 0 | BE2: 0 | BF2: 8 | BG2: 0 | BH2: 1 | BI2: =SUM(BA2:BH2) -> 340 | BJ2: 0 | BK2: 34 | BL2: 65 | BM2: 0 | BN2: 95 | BO2: 0 | BP2: 146 | BQ2: =SUM(BJ2:BP2) -> 340 | BR2: 29 | BS2: 5 | BT2: 643 | BU2: =SUM(BR2:BT2) -> 677
A3: صفر | B3: 293 | C3: 30 | D3: 7 | E3: =SUM(B3:D3) -> 330 | F3: 45 | G3: 51 | H3: 42 | I3: 46 | J3: 44 | K3: 53 | L3: 49 | M3: =F3+G3+H3+I3+J3+K3+L3 -> 330 | N3: 73 | O3: 257 | P3: =SUM(N3:O3) -> 330 | Q3: 310 | R3: 20 | S3: =SUM(Q3:R3) -> 330 | T3: 272 | U3: 181 | V3: 2 | W3: 5 | X3: 177 | Y3: 2 | Z3: 1 | AA3: =SUM(T3:Z3) -> 640 | AB3: 62 | AC3: 431 | AD3: 92 | AE3: 42 | AF3: 13 | AG3: =SUM(AB3:AF3) -> 640 | AH3: 503 | AI3: 137 | AJ3: =SUM(AH3:AI3) -> 640 | AK3: 463 | AL3: 177 | AM3: =SUM(AK3:AL3) -> 640 | AN3: 639 | AO3: 1 | AP3: =SUM(AN3:AO3) -> 640 | AQ3: 602 | AR3: 19 | AS3: 0 | AT3: 1 | AU3: 18 | AV3: =SUM(AQ3:AU3) -> 640 | AW3: =AU3 -> 18 | AX3: 589 | AY3: 33 | AZ3: =SUM(AW3:AY3) -> 640 | BA3: 306 | BB3: 1 | BC3: 10 | BD3: 0 | BE3: 0 | BF3: 12 | BG3: 1 | BH3: 0 | BI3: =SUM(BA3:BH3) -> 330 | BJ3: 3 | BK3: 29 | BL3: 58 | BM3: 0 | BN3: 90 | BO3: 0 | BP3: 150 | BQ3: =SUM(BJ3:BP3) -> 330 | BR3: 54 | BS3: 13 | BT3: 614 | BU3: =SUM(BR3:BT3) -> 681
A4: ربيع أول | B4: 347 | C4: 12 | D4: 4 | E4: =SUM(B4:D4) -> 363 | F4: 62 | G4: 52 | H4: 37 | I4: 48 | J4: 57 | K4: 52 | L4: 55 | M4: =SUM(F4:L4) -> 363 | N4: 95 | O4: 268 | P4: =SUM(N4:O4) -> 363 | Q4: 351 | R4: 12 | S4: =SUM(Q4:R4) -> 363 | T4: 348 | U4: 185 | V4: 2 | W4: 2 | X4: 179 | Y4: 0 | Z4: 0 | AA4: =SUM(T4:Z4) -> 716 | AB4: 57 | AC4: 457 | AD4: 133 | AE4: 60 | AF4: 9 | AG4: =SUM(AB4:AF4) -> 716 | AH4: 583 | AI4: 133 | AJ4: =SUM(AH4:AI4) -> 716 | AK4: 527 | AL4: 189 | AM4: =SUM(AK4:AL4) -> 716 | AN4: 708 | AO4: 8 | AP4: =SUM(AN4:AO4) -> 716 | AQ4: 680 | AR4: 20 | AS4: 0 | AT4: 0 | AU4: 16 | AV4: =SUM(AQ4:AU4) -> 716 | AW4: =AU4 -> 16 | AX4: 660 | AY4: 40 | AZ4: =SUM(AW4:AY4) -> 716 | BA4: 346 | BB4: 7 | BC4: 2 | BD4: 0 | BE4: 0 | BF4: 8 | BG4: 0 | BH4: 0 | BI4: =SUM(BA4:BH4) -> 363 | BJ4: 6 | BK4: 32 | BL4: 60 | BM4: 0 | BN4: 109 | BO4: 0 | BP4: 156 | BQ4: =SUM(BJ4:BP4) -> 363 | BR4: 25 | BS4: 4 | BT4: 704 | BU4: =SUM(BR4:BT4) -> 733
A5: ربيع ثانى | B5: 286 | C5: 16 | D5: 5 | E5: =SUM(B5:D5) -> 307 | F5: 40 | G5: 51 | H5: 41 | I5: 54 | J5: 41 | K5: 39 | L5: 41 | M5: =SUM(F5:L5) -> 307 | N5: 64 | O5: 243 | P5: =SUM(N5:O5) -> 307 | Q5: 297 | R5: 10 | S5: =SUM(Q5:R5) -> 307 | T5: 288 | U5: 166 | V5: 0 | W5: 0 | X5: 147 | Y5: 1 | Z5: 0 | AA5: =SUM(T5:Z5) -> 602 | AB5: 58 | AC5: 385 | AD5: 107 | AE5: 46 | AF5: 6 | AG5: =SUM(AB5:AF5) -> 602 | AH5: 497 | AI5: 105 | AJ5: =SUM(AH5:AI5) -> 602 | AK5: 474 | AL5: 128 | AM5: =SUM(AK5:AL5) -> 602 | AN5: 596 | AO5: 6 | AP5: =SUM(AN5:AO5) -> 602 | AQ5: 577 | AR5: 17 | AS5: 0 | AT5: 0 | AU5: 8 | AV5: =SUM(AQ5:AU5) -> 602 | AW5: =AU5 -> 8 | AX5: 562 | AY5: 32 | AZ5: =SUM(AW5:AY5) -> 602 | BA5: 298 | BB5: 4 | BC5: 3 | BD5: 1 | BE5: 0 | BF5: 1 | BG5: 0 | BH5: 0 | BI5: =SUM(BA5:BH5) -> 307 | BJ5: 0 | BK5: 28 | BL5: 65 | BM5: 0 | BN5: 85 | BO5: 0 | BP5: 129 | BQ5: =SUM(BJ5:BP5) -> 307 | BR5: 16 | BS5: 5 | BT5: 601 | BU5: =SUM(BR5:BT5) -> 622
A6: جمادى أول | B6: 254 | C6: 20 | D6: 7 | E6: =SUM(B6:D6) -> 281 | F6: 17 | G6: 26 | H6: 45 | I6: 61 | J6: 47 | K6: 44 | L6: 41 | M6: =SUM(F6:L6) -> 281 | N6: 85 | O6: 196 | P6: =SUM(N6:O6) -> 281 | Q6: 265 | R6: 16 | S6: =SUM(Q6:R6) -> 281 | T6: 284 | U6: 132 | V6: 1 | W6: 1 | X6: 127 | Y6: 0 | Z6: 4 | AA6: =SUM(T6:Z6) -> 549 | AB6: 80 | AC6: 326 | AD6: 93 | AE6: 41 | AF6: 7 | AG6: =SUM(AB6:AF6) -> 547 | AH6: 453 | AI6: 94 | AJ6: =SUM(AH6:AI6) -> 547 | AK6: 434 | AL6: 113 | AM6: =SUM(AK6:AL6) -> 547 | AN6: 539 | AO6: 8 | AP6: =SUM(AN6:AO6) -> 547 | AQ6: 509 | AR6: 17 | AS6: 2 | AT6: 0 | AU6: 19 | AV6: =SUM(AQ6:AU6) -> 547 | AW6: =AU6 -> 19 | AX6: 490 | AY6: 38 | AZ6: =SUM(AW6:AY6) -> 547 | BA6: 267 | BB6: 7 | BC6: 5 | BD6: 2 | BE6: 0 | BF6: 0 | BG6: 0 | BH6: 0 | BI6: =SUM(BA6:BH6) -> 281 | BJ6: 0 | BK6: 30 | BL6: 62 | BM6: 0 | BN6: 84 | BO6: 0 | BP6: 105 | BQ6: =SUM(BJ6:BP6) -> 281 | BR6: 21 | BS6: 7 | BT6: 543 | BU6: =SUM(BR6:BT6) -> 571
A7: جمادى ثانى | B7: 288 | C7: 13 | D7: 2 | E7: =SUM(B7:D7) -> 303 | F7: 47 | G7: 38 | H7: 39 | I7: 43 | J7: 41 | K7: 50 | L7: 45 | M7: =SUM(F7:L7) -> 303 | N7: 72 | O7: 231 | P7: =SUM(N7:O7) -> 303 | Q7: 295 | R7: 8 | S7: =SUM(Q7:R7) -> 303 | T7: 272 | U7: 173 | V7: 0 | W7: 0 | X7: 149 | Y7: 0 | Z7: 1 | AA7: =SUM(T7:Z7) -> 595 | AB7: 54 | AC7: 382 | AD7: 107 | AE7: 48 | AF7: 4 | AG7: =SUM(AB7:AF7) -> 595 | AH7: 492 | AI7: 103 | AJ7: =SUM(AH7:AI7) -> 595 | AK7: 456 | AL7: 139 | AM7: =SUM(AK7:AL7) -> 595 | AN7: 589 | AO7: 6 | AP7: =SUM(AN7:AO7) -> 595 | AQ7: 572 | AR7: 12 | AS7: 0 | AT7: 0 | AU7: 11 | AV7: =SUM(AQ7:AU7) -> 595 | AW7: =AU7 -> 11 | AX7: 550 | AY7: 34 | AZ7: =SUM(AW7:AY7) -> 595 | BA7: 287 | BB7: 7 | BC7: 2 | BD7: 1 | BE7: 0 | BF7: 6 | BG7: 0 | BH7: 0 | BI7: =SUM(BA7:BH7) -> 303 | BJ7: 0 | BK7: 30 | BL7: 65 | BM7: 0 | BN7: 83 | BO7: 0 | BP7: 125 | BQ7: =SUM(BJ7:BP7) -> 303 | BR7: 20 | BS7: 3 | BT7: 583 | BU7: =SUM(BR7:BT7) -> 606
A8: رجب | B8: 285 | C8: 27 | D8: 0 | E8: =SUM(B8:D8) -> 312 | F8: 53 | G8: 44 | H8: 47 | I8: 42 | J8: 41 | K8: 42 | L8: 43 | M8: =SUM(F8:L8) -> 312 | N8: 66 | O8: 246 | P8: =SUM(N8:O8) -> 312 | Q8: 301 | R8: 11 | S8: =SUM(Q8:R8) -> 312 | T8: 261 | U8: 183 | V8: 0 | W8: 0 | X8: 166 | Y8: 0 | Z8: 1 | AA8: =SUM(T8:Z8) -> 611 | AB8: 57 | AC8: 415 | AD8: 92 | AE8: 37 | AF8: 10 | AG8: =SUM(AB8:AF8) -> 611 | AH8: 487 | AI8: 124 | AJ8: =SUM(AH8:AI8) -> 611 | AK8: 453 | AL8: 158 | AM8: =SUM(AK8:AL8) -> 611 | AN8: 607 | AO8: 4 | AP8: =SUM(AN8:AO8) -> 611 | AQ8: 586 | AR8: 9 | AS8: 0 | AT8: 0 | AU8: 16 | AV8: =SUM(AQ8:AU8) -> 611 | AW8: =AU8 -> 16 | AX8: 568 | AY8: 27 | AZ8: =SUM(AW8:AY8) -> 611 | BA8: 295 | BB8: 4 | BC8: 6 | BD8: 3 | BE8: 0 | BF8: 1 | BG8: 0 | BH8: 3 | BI8: =SUM(BA8:BH8) -> 312 | BJ8: 0 | BK8: 30 | BL8: 62 | BM8: 0 | BN8: 76 | BO8: 0 | BP8: 144 | BQ8: =SUM(BJ8:BP8) -> 312 | BR8: 43 | BS8: 0 | BT8: 597 | BU8: =SUM(BR8:BT8) -> 640
A9: شعبان | B9: 283 | C9: 17 | D9: 5 | E9: =SUM(B9:D9) -> 305 | F9: 36 | G9: 60 | H9: 44 | I9: 43 | J9: 46 | K9: 34 | L9: 42 | M9: =SUM(F9:L9) -> 305 | N9: 77 | O9: 228 | P9: =SUM(N9:O9) -> 305 | Q9: 290 | R9: 15 | S9: =SUM(Q9:R9) -> 305 | T9: 271 | U9: 172 | V9: 0 | W9: 0 | X9: 155 | Y9: 0 | Z9: 1 | AA9: =SUM(T9:Z9) -> 599 | AB9: 53 | AC9: 378 | AD9: 112 | AE9: 49 | AF9: 7 | AG9: =SUM(AB9:AF9) -> 599 | AH9: 492 | AI9: 107 | AJ9: =SUM(AH9:AI9) -> 599 | AK9: 458 | AL9: 141 | AM9: =SUM(AK9:AL9) -> 599 | AN9: 591 | AO9: 8 | AP9: =SUM(AN9:AO9) -> 599 | AQ9: 576 | AR9: 14 | AS9: 0 | AT9: 0 | AU9: 9 | AV9: =SUM(AQ9:AU9) -> 599 | AW9: =AU9 -> 9 | AX9: 554 | AY9: 36 | AZ9: =SUM(AW9:AY9) -> 599 | BA9: 287 | BB9: 10 | BC9: 3 | BD9: 0 | BE9: 0 | BF9: 4 | BG9: 0 | BH9: 1 | BI9: =SUM(BA9:BH9) -> 305 | BJ9: 0 | BK9: 28 | BL9: 60 | BM9: 2 | BN9: 89 | BO9: 0 | BP9: 126 | BQ9: =SUM(BJ9:BP9) -> 305 | BR9: 40 | BS9: 8 | BT9: 586 | BU9: =SUM(BR9:BT9) -> 634
A10: رمضان | B10: 289 | C10: 15 | D10: 6 | E10: =SUM(B10:D10) -> 310 | F10: 45 | G10: 39 | H10: 45 | I10: 42 | J10: 38 | K10: 43 | L10: 58 | M10: =SUM(F10:L10) -> 310 | N10: 76 | O10: 234 | P10: =SUM(N10:O10) -> 310 | Q10: 298 | R10: 12 | S10: =SUM(Q10:R10) -> 310 | T10: 282 | U10: 170 | V10: 0 | W10: 0 | X10: 155 | Y10: 0 | Z10: 0 | AA10: =SUM(T10:Z10) -> 607 | AB10: 57 | AC10: 395 | AD10: 102 | AE10: 46 | AF10: 7 | AG10: =SUM(AB10:AF10) -> 607 | AH10: 496 | AI10: 111 | AJ10: =SUM(AH10:AI10) -> 607 | AK10: 455 | AL10: 152 | AM10: =SUM(AK10:AL10) -> 607 | AN10: 601 | AO10: 6 | AP10: =SUM(AN10:AO10) -> 607 | AQ10: 577 | AR10: 14 | AS10: 0 | AT10: 0 | AU10: 16 | AV10: =SUM(AQ10:AU10) -> 607 | AW10: =AU10 -> 16 | AX10: 556 | AY10: 35 | AZ10: =SUM(AW10:AY10) -> 607 | BA10: 295 | BB10: 4 | BC10: 6 | BD10: 0 | BE10: 0 | BF10: 5 | BG10: 0 | BH10: 0 | BI10: =SUM(BA10:BH10) -> 310 | BJ10: 0 | BK10: 31 | BL10: 64 | BM10: 0 | BN10: 84 | BO10: 0 | BP10: 131 | BQ10: =SUM(BJ10:BP10) -> 310 | BR10: 33 | BS10: 8 | BT10: 590 | BU10: =SUM(BR10:BT10) -> 631
A11: شوال | B11: 303 | C11: 14 | D11: 1 | E11: =SUM(B11:D11) -> 318 | F11: 46 | G11: 45 | H11: 45 | I11: 43 | J11: 54 | K11: 42 | L11: 43 | M11: =SUM(F11:L11) -> 318 | N11: 68 | O11: 250 | P11: =SUM(N11:O11) -> 318 | Q11: 309 | R11: 9 | S11: =SUM(Q11:R11) -> 318 | T11: 268 | U11: 185 | V11: 0 | W11: 0 | X11: 174 | Y11: 0 | Z11: 0 | AA11: =SUM(T11:Z11) -> 627 | AB11: 56 | AC11: 425 | AD11: 97 | AE11: 40 | AF11: 9 | AG11: =SUM(AB11:AF11) -> 627 | AH11: 521 | AI11: 106 | AJ11: =SUM(AH11:AI11) -> 627 | AK11: 485 | AL11: 142 | AM11: =SUM(AK11:AL11) -> 627 | AN11: 623 | AO11: 4 | AP11: =SUM(AN11:AO11) -> 627 | AQ11: 604 | AR11: 11 | AS11: 0 | AT11: 0 | AU11: 12 | AV11: =SUM(AQ11:AU11) -> 627 | AW11: =AU11 -> 12 | AX11: 576 | AY11: 39 | AZ11: =SUM(AW11:AY11) -> 627 | BA11: 308 | BB11: 2 | BC11: 1 | BD11: 1 | BE11: 0 | BF11: 5 | BG11: 0 | BH11: 1 | BI11: =SUM(BA11:BH11) -> 318 | BJ11: 0 | BK11: 31 | BL11: 58 | BM11: 5 | BN11: 82 | BO11: 0 | BP11: 142 | BQ11: =SUM(BJ11:BP11) -> 318 | BR11: 21 | BS11: 1 | BT11: 608 | BU11: =SUM(BR11:BT11) -> 630
A12: ذى القعدة | B12: 295 | C12: 9 | D12: 4 | E12: =SUM(B12:D12) -> 308 | F12: 41 | G12: 55 | H12: 35 | I12: 47 | J12: 41 | K12: 47 | L12: 42 | M12: =SUM(F12:L12) -> 308 | N12: 72 | O12: 236 | P12: =SUM(N12:O12) -> 308 | Q12: 298 | R12: 10 | S12: =SUM(Q12:R12) -> 308 | T12: 254 | U12: 178 | V12: 0 | W12: 0 | X12: 175 | Y12: 0 | Z12: 0 | AA12: =SUM(T12:Z12) -> 607 | AB12: 55 | AC12: 414 | AD12: 92 | AE12: 38 | AF12: 8 | AG12: =SUM(AB12:AF12) -> 607 | AH12: 473 | AI12: 134 | AJ12: =SUM(AH12:AI12) -> 607 | AK12: 466 | AL12: 141 | AM12: =SUM(AK12:AL12) -> 607 | AN12: 603 | AO12: 4 | AP12: =SUM(AN12:AO12) -> 607 | AQ12: 590 | AR12: 8 | AS12: 0 | AT12: 0 | AU12: 9 | AV12: =SUM(AQ12:AU12) -> 607 | AW12: =AU12 -> 9 | AX12: 566 | AY12: 32 | AZ12: =SUM(AW12:AY12) -> 607 | BA12: 297 | BB12: 3 | BC12: 5 | BD12: 0 | BE12: 0 | BF12: 3 | BG12: 0 | BH12: 0 | BI12: =SUM(BA12:BH12) -> 308 | BJ12: 0 | BK12: 31 | BL12: 56 | BM12: 0 | BN12: 88 | BO12: 0 | BP12: 133 | BQ12: =SUM(BJ12:BP12) -> 308 | BR12: 13 | BS12: 5 | BT12: 597 | BU12: =SUM(BR12:BT12) -> 615
A13: ذى الحجة | B13: 292 | C13: 18 | D13: 8 | E13: =SUM(B13:D13) -> 318 | F13: 56 | G13: 43 | H13: 42 | I13: 36 | J13: 41 | K13: 44 | L13: 56 | M13: =SUM(F13:L13) -> 318 | N13: 70 | O13: 248 | P13: =SUM(N13:O13) -> 318 | Q13: 308 | R13: 10 | S13: =SUM(Q13:R13) -> 318 | T13: 281 | U13: 178 | V13: 0 | W13: 0 | X13: 164 | Y13: 0 | Z13: 0 | AA13: =SUM(T13:Z13) -> 623 | AB13: 57 | AC13: 419 | AD13: 97 | AE13: 48 | AF13: 2 | AG13: =SUM(AB13:AF13) -> 623 | AH13: 506 | AI13: 117 | AJ13: =SUM(AH13:AI13) -> 623 | AK13: 479 | AL13: 144 | AM13: =SUM(AK13:AL13) -> 623 | AN13: 619 | AO13: 4 | AP13: =SUM(AN13:AO13) -> 623 | AQ13: 590 | AR13: 17 | AS13: 0 | AT13: 0 | AU13: 16 | AV13: =SUM(AQ13:AU13) -> 623 | AW13: =AU13 -> 16 | AX13: 571 | AY13: 36 | AZ13: =SUM(AW13:AY13) -> 623 | BA13: 300 | BB13: 10 | BC13: 3 | BD13: 0 | BE13: 0 | BF13: 5 | BG13: 0 | BH13: 0 | BI13: =SUM(BA13:BH13) -> 318 | BJ13: 0 | BK13: 29 | BL13: 62 | BM13: 0 | BN13: 85 | BO13: 0 | BP13: 142 | BQ13: =SUM(BJ13:BP13) -> 318 | BR13: 31 | BS13: 10 | BT13: 602 | BU13: =SUM(BR13:BT13) -> 643
A14: المجموع | B14: =SUM(B2:B13) -> 3526 | C14: =SUM(C2:C13) -> 215 | D14: =SUM(D2:D13) -> 54 | E14: =SUM(E2:E13) -> 3795 | F14: =SUM(F2:F13) -> 530 | G14: =SUM(G2:G13) -> 540 | H14: =SUM(H2:H13) -> 507 | I14: =SUM(I2:I13) -> 550 | ... BP14: =SUM(BP2:BP13) -> 1629 | BQ14: =SUM(BJ14:BP14) -> 3795 | BR14: =SUM(BR2:BR13) -> 346 | BS14: =SUM(BS2:BS13) -> 69 | BT14: =SUM(BT2:BT13) -> 7268 | BU14: =SUM(BU2:BU13) -> 7683

Sheet المجموع الكلي
A1: ا لـشـهـر | B1: 1436هـ | F1: إجمالى عــد د الحوادث موزعة حسب اليوم | N1: إجمالى عدد الحوادث موزعة حسب وقت الحادث | Q1: إجمالى عـدد الحوادث موزعة حسب مكان الحادث | T1: إجمالى عدد السيارات المشتركة في الحوادث حسب الطراز | AB1: العمر | AH1: الجنسية | AK1: الحالة الاجتماعية | AN1: الحالة التعليمية | AQ1: نوع الرخص | AU1: السائق لا يحمل رخصة قيادة | AV1: المجموع | AW1: السائق لا يحمل رخصة قيادة | AX1: سريان الرخصة | AZ1: المجموع | BA1: تصادم مع | BC1: دهس | BE1: حريق | BF1: انقلاب | BG1: خروج عن الطريق | BH1: اخرى | BI1: المجموع | BJ1: تحليل اســباب الحادث | BR1: الاشخاص المشمولين بالحوادث
A2: الشهر | B2: حادث تلفيات | C2: حادث اصابات | D2: حادث وفيات | E2: مجموع عدد الحوادث | F2: السبت | G2: الا حد | H2: الاثنين | I2: الثلاثاء | J2: الا ربعاء | K2: الخميس | L2: الجمعة | M2: مجموع عدد الحوادث لجميع الأيام | N2: نهارا | O2: ليلا | P2: مجموع عدد الحوادث حسب الوقت | Q2: داخل المدينة | R2: خارج المدينة | S2: مجموع عدد الحوادث حسب مكان الحادث | T2: صغيرة | U2: جيب | V2: حافلة | W2: ونيت | X2: نقل | Y2: وايت | Z2: اخرى | AA2: مجموع عدد السيارات المشتركة في الحوادث حسب الطراز | AB2: -18 | AC2: 18+ | AD2: 30+ | AE2: 40+ | AF2: 50+ | AG2: المجموع حسب العمر | AH2: سعودي | AI2: اجنبي | AJ2: المجموع حسب الجنسية | AK2: متزوج | AL2: اعزب | AM2: المجموع حسب الحالة الاجتماعية | AN2: متعلم | AO2: امى | AP2: المجموع حسب الحالة التعليمية | AQ2: نوع الرخصة خصوصى | AR2: نوع الرخصة عمومى | AS2: نوع الرخصة اليات | AT2: نوع الرخصة دراجة | AU2: السائق لا يحمل رخصة قيادة | AV2: المجموع | AW2: السائق لا يحمل رخصة قيادة | AX2: الرخصة سارية | AY2: الرخصة منتهية | AZ2: المجموع | BA2: تصادم مع سيارة | BB2: تصادم مع جسم ثابت | BC2: دهس مشاة | BD2: دهس حيوان | BE2: حريق | BF2: انقلاب | BG2: خروج عن الطريق | BH2: أخرى | BI2: المجموع | BJ2: توقف غير نظامى | BK2: دوران غير نظامى | BL2: تجاوز غير نظامى | BM2: عدم التقيد بالاشارة | BN2: السرعة الزائدة | BO2: السائق تحت تأثير مخدر | BP2: اخرى | BQ2: مجموع الحوادث حسب سبب الحادث | BR2: عدد المصابين | BS2: عدد المتوفين (القتلى) | BT2: سليم | BU2: مجموع الأشخاص المشمولين بالحوادث
A3: محرم | B3: ='الرياض'!B2+'المدينه المنوره'!B2+'الشرقيه'!B2+'الحدود الشماليه'!B2+'تبوك'!B2+'الجوف'!B2+'حائل'!B2+'نجران'!B2+'القصيم'!B2+'الباحه'!B2+'عسير'!B2+'جازان'!B2+'جده'!B2+'الطائف'!B2+'العاصمه'!C2+'القريات'!B2 -> 44688 | C3: ='الرياض'!C2+'المدينه المنوره'!C2+'الشرقيه'!C2+'الحدود الشماليه'!C2+'تبوك'!C2+'الجوف'!C2+'حائل'!C2+'نجران'!C2+'القصيم'!C2+'الباحه'!C2+'عسير'!C2+'جازان'!C2+'جده'!C2+'الطائف'!C2+'العاصمه'!D2+'القريات'!C2 -> 1883 | D3: ='الرياض'!D2+'المدينه المنوره'!D2+'الشرقيه'!D2+'الحدود الشماليه'!D2+'تبوك'!D2+'الجوف'!D2+'حائل'!D2+'نجران'!D2+'القصيم'!D2+'الباحه'!D2+'عسير'!D2+'جازان'!D2+'جده'!D2+'الطائف'!D2+'العاصمه'!E2+'القريات'!D2 -> 560 | E3: =SUM(B3:D3) -> 47131 | F3: ='الرياض'!F2+'المدينه المنوره'!F2+'الشرقيه'!F2+'الحدود الشماليه'!F2+'تبوك'!F2+'الجوف'!F2+'حائل'!F2+'نجران'!F2+'القصيم'!F2+'الباحه'!F2+'عسير'!F2+'جازان'!F2+'جده'!F2+'الطائف'!F2+'العاصمه'!G2+'القريات'!F2 -> 6890 | G3: ='الرياض'!G2+'المدينه المنوره'!G2+'الشرقيه'!G2+'الحدود الشماليه'!G2+'تبوك'!G2+'الجوف'!G2+'حائل'!G2+'نجران'!G2+'القصيم'!G2+'الباحه'!G2+'عسير'!G2+'جازان'!G2+'جده'!G2+'الطائف'!G2+'العاصمه'!H2+'القريات'!G2 -> 6930 | H3: ='الرياض'!H2+'المدينه المنوره'!H2+'الشرقيه'!H2+'الحدود الشماليه'!H2+'تبوك'!H2+'الجوف'!H2+'حائل'!H2+'نجران'!H2+'القصيم'!H2+'الباحه'!H2+'عسير'!H2+'جازان'!H2+'جده'!H2+'الطائف'!H2+'العاصمه'!I2+'القريات'!H2 -> 6745 | I3: ='الرياض'!I2+'المدينه المنوره'!I2+'الشرقيه'!I2+'الحدود الشماليه'!I2+'تبوك'!I2+'الجوف'!I2+'حائل'!I2+'نجران'!I2+'القصيم'!I2+'الباحه'!I2+'عسير'!I2+'جازان'!I2+'جده'!I2+'الطائف'!I2+'العاصمه'!J2+'القريات'!I2 -> 6082 | J3: ='الرياض'!J2+'المدينه المنوره'!J2+'الشرقيه'!J2+'الحدود الشماليه'!J2+'تبوك'!J2+'الجوف'!J2+'حائل'!J2+'نجران'!J2+'القصيم'!J2+'الباحه'!J2+'عسير'!J2+'جازان'!J2+'جده'!J2+'الطائف'!J2+'العاصمه'!K2+'القريات'!J2 -> 7316 | K3: ='الرياض'!K2+'المدينه المنوره'!K2+'الشرقيه'!K2+'الحدود الشماليه'!K2+'تبوك'!K2+'الجوف'!K2+'حائل'!K2+'نجران'!K2+'القصيم'!K2+'الباحه'!K2+'عسير'!K2+'جازان'!K2+'جده'!K2+'الطائف'!K2+'العاصمه'!L2+'القريات'!K2 -> 7453 | L3: ='الرياض'!L2+'المدينه المنوره'!L2+'الشرقيه'!L2+'الحدود الشماليه'!L2+'تبوك'!L2+'الجوف'!L2+'حائل'!L2+'نجران'!L2+'القصيم'!L2+'الباحه'!L2+'عسير'!L2+'جازان'!L2+'جده'!L2+'الطائف'!L2+'العاصمه'!M2+'القريات'!L2 -> 5715 | M3: =F3+G3+H3+I3+J3+K3+L3 -> 47131 | N3: ='الرياض'!N2+'المدينه المنوره'!N2+'الشرقيه'!N2+'الحدود الشماليه'!N2+'تبوك'!N2+'الجوف'!N2+'حائل'!N2+'نجران'!N2+'القصيم'!N2+'الباحه'!N2+'عسير'!N2+'جازان'!N2+'جده'!N2+'الطائف'!N2+'العاصمه'!O2+'القريات'!N2 -> 30200 | O3: ='الرياض'!O2+'المدينه المنوره'!O2+'الشرقيه'!O2+'الحدود الشماليه'!O2+'تبوك'!O2+'الجوف'!O2+'حائل'!O2+'نجران'!O2+'القصيم'!O2+'الباحه'!O2+'عسير'!O2+'جازان'!O2+'جده'!O2+'الطائف'!O2+'العاصمه'!P2+'القريات'!O2 -> 16931 | P3: =SUM(N3:O3) -> 47131 | Q3: ='الرياض'!Q2+'المدينه المنوره'!Q2+'الشرقيه'!Q2+'الحدود الشماليه'!Q2+'تبوك'!Q2+'الجوف'!Q2+'حائل'!Q2+'نجران'!Q2+'القصيم'!Q2+'الباحه'!Q2+'عسير'!Q2+'جازان'!Q2+'جده'!Q2+'الطائف'!Q2+'العاصمه'!R2+'القريات'!Q2 -> 36974 | R3: ='الرياض'!R2+'المدينه المنوره'!R2+'الشرقيه'!R2+'الحدود الشماليه'!R2+'تبوك'!R2+'الجوف'!R2+'حائل'!R2+'نجران'!R2+'القصيم'!R2+'الباحه'!R2+'عسير'!R2+'جازان'!R2+'جده'!R2+'الطائف'!R2+'العاصمه'!S2+'القريات'!R2 -> 10157 | S3: =SUM(Q3:R3) -> 47131 | T3: ='الرياض'!T2+'المدينه المنوره'!T2+'الشرقيه'!T2+'الحدود الشماليه'!T2+'تبوك'!T2+'الجوف'!T2+'حائل'!T2+'نجران'!T2+'القصيم'!T2+'الباحه'!T2+'عسير'!T2+'جازان'!T2+'جده'!T2+'الطائف'!T2+'العاصمه'!U2+'القريات'!T2 -> 40669 | U3: ='الرياض'!U2+'المدينه المنوره'!U2+'الشرقيه'!U2+'الحدود الشماليه'!U2+'تبوك'!U2+'الجوف'!U2+'حائل'!U2+'نجران'!U2+'القصيم'!U2+'الباحه'!U2+'عسير'!U2+'جازان'!U2+'جده'!U2+'الطائف'!U2+'العاصمه'!V2+'القريات'!U2 -> 12098 | V3: ='الرياض'!V2+'المدينه المنوره'!V2+'الشرقيه'!V2+'الحدود الشماليه'!V2+'تبوك'!V2+'الجوف'!V2+'حائل'!V2+'نجران'!V2+'القصيم'!V2+'الباحه'!V2+'عسير'!V2+'جازان'!V2+'جده'!V2+'الطائف'!V2+'العاصمه'!W2+'القريات'!V2 -> 1189 | W3: ='الرياض'!W2+'المدينه المنوره'!W2+'الشرقيه'!W2+'الحدود الشماليه'!W2+'تبوك'!W2+'الجوف'!W2+'حائل'!W2+'نجران'!W2+'القصيم'!W2+'الباحه'!W2+'عسير'!W2+'جازان'!W2+'جده'!W2+'الطائف'!W2+'العاصمه'!X2+'القريات'!W2 -> 10630 | X3: ='الرياض'!X2+'المدينه المنوره'!X2+'الشرقيه'!X2+'الحدود الشماليه'!X2+'تبوك'!X2+'الجوف'!X2+'حائل'!X2+'نجران'!X2+'القصيم'!X2+'الباحه'!X2+'عسير'!X2+'جازان'!X2+'جده'!X2+'الطائف'!X2+'العاصمه'!Y2+'القريات'!X2 -> 8589 | Y3: ='الرياض'!Y2+'المدينه المنوره'!Y2+'الشرقيه'!Y2+'الحدود الشماليه'!Y2+'تبوك'!Y2+'الجوف'!Y2+'حائل'!Y2+'نجران'!Y2+'القصيم'!Y2+'الباحه'!Y2+'عسير'!Y2+'جازان'!Y2+'جده'!Y2+'الطائف'!Y2+'العاصمه'!Z2+'القريات'!Y2 -> 1314 | Z3: ='الرياض'!Z2+'المدينه المنوره'!Z2+'الشرقيه'!Z2+'الحدود الشماليه'!Z2+'تبوك'!Z2+'الجوف'!Z2+'حائل'!Z2+'نجران'!Z2+'القصيم'!Z2+'الباحه'!Z2+'عسير'!Z2+'جازان'!Z2+'جده'!Z2+'الطائف'!Z2+'العاصمه'!AA2+'القريات'!Z2 -> 2130 | AA3: =SUM(T3:Z3) -> 76619 | AB3: ='الرياض'!AB2+'المدينه المنوره'!AB2+'الشرقيه'!AB2+'الحدود الشماليه'!AB2+'تبوك'!AB2+'الجوف'!AB2+'حائل'!AB2+'نجران'!AB2+'القصيم'!AB2+'الباحه'!AB2+'عسير'!AB2+'جازان'!AB2+'جده'!AB2+'الطائف'!AB2+'العاصمه'!AC2+'القريات'!AB2 -> 11438 | AC3: ='الرياض'!AC2+'المدينه المنوره'!AC2+'الشرقيه'!AC2+'الحدود الشماليه'!AC2+'تبوك'!AC2+'الجوف'!AC2+'حائل'!AC2+'نجران'!AC2+'القصيم'!AC2+'الباحه'!AC2+'عسير'!AC2+'جازان'!AC2+'جده'!AC2+'الطائف'!AC2+'العاصمه'!AD2+'القريات'!AC2 -> 28872 | AD3: ='الرياض'!AD2+'المدينه المنوره'!AD2+'الشرقيه'!AD2+'الحدود الشماليه'!AD2+'تبوك'!AD2+'الجوف'!AD2+'حائل'!AD2+'نجران'!AD2+'القصيم'!AD2+'الباحه'!AD2+'عسير'!AD2+'جازان'!AD2+'جده'!AD2+'الطائف'!AD2+'العاصمه'!AE2+'القريات'!AD2 -> 22999 | AE3: ='الرياض'!AE2+'المدينه المنوره'!AE2+'الشرقيه'!AE2+'الحدود الشماليه'!AE2+'تبوك'!AE2+'الجوف'!AE2+'حائل'!AE2+'نجران'!AE2+'القصيم'!AE2+'الباحه'!AE2+'عسير'!AE2+'جازان'!AE2+'جده'!AE2+'الطائف'!AE2+'العاصمه'!AF2+'القريات'!AE2 -> 13008 | AF3: ='الرياض'!AF2+'المدينه المنوره'!AF2+'الشرقيه'!AF2+'الحدود الشماليه'!AF2+'تبوك'!AF2+'الجوف'!AF2+'حائل'!AF2+'نجران'!AF2+'القصيم'!AF2+'الباحه'!AF2+'عسير'!AF2+'جازان'!AF2+'جده'!AF2+'الطائف'!AF2+'العاصمه'!AG2+'القريات'!AF2 -> 5569 | AG3: =SUM(AB3:AF3) -> 81886 | AH3: ='الرياض'!AH2+'المدينه المنوره'!AH2+'الشرقيه'!AH2+'الحدود الشماليه'!AH2+'تبوك'!AH2+'الجوف'!AH2+'حائل'!AH2+'نجران'!AH2+'القصيم'!AH2+'الباحه'!AH2+'عسير'!AH2+'جازان'!AH2+'جده'!AH2+'الطائف'!AH2+'العاصمه'!AI2+'القريات'!AH2 -> 53833 | AI3: ='الرياض'!AI2+'المدينه المنوره'!AI2+'الشرقيه'!AI2+'الحدود الشماليه'!AI2+'تبوك'!AI2+'الجوف'!AI2+'حائل'!AI2+'نجران'!AI2+'القصيم'!AI2+'الباحه'!AI2+'عسير'!AI2+'جازان'!AI2+'جده'!AI2+'الطائف'!AI2+'العاصمه'!AJ2+'القريات'!AI2 -> 28053 | AJ3: =SUM(AH3:AI3) -> 81886 | AK3: ='الرياض'!AK2+'المدينه المنوره'!AK2+'الشرقيه'!AK2+'الحدود الشماليه'!AK2+'تبوك'!AK2+'الجوف'!AK2+'حائل'!AK2+'نجران'!AK2+'القصيم'!AK2+'الباحه'!AK2+'عسير'!AK2+'جازان'!AK2+'جده'!AK2+'الطائف'!AK2+'العاصمه'!AL2+'القريات'!AK2 -> 46091 | AL3: ='الرياض'!AL2+'المدينه المنوره'!AL2+'الشرقيه'!AL2+'الحدود الشماليه'!AL2+'تبوك'!AL2+'الجوف'!AL2+'حائل'!AL2+'نجران'!AL2+'القصيم'!AL2+'الباحه'!AL2+'عسير'!AL2+'جازان'!AL2+'جده'!AL2+'الطائف'!AL2+'العاصمه'!AM2+'القريات'!AL2 -> 35795 | AM3: =SUM(AK3:AL3) -> 81886 | AN3: ='الرياض'!AN2+'المدينه المنوره'!AN2+'الشرقيه'!AN2+'الحدود الشماليه'!AN2+'تبوك'!AN2+'الجوف'!AN2+'حائل'!AN2+'نجران'!AN2+'القصيم'!AN2+'الباحه'!AN2+'عسير'!AN2+'جازان'!AN2+'جده'!AN2+'الطائف'!AN2+'العاصمه'!AO2+'القريات'!AN2 -> 80111 | AO3: ='الرياض'!AO2+'المدينه المنوره'!AO2+'الشرقيه'!AO2+'الحدود الشماليه'!AO2+'تبوك'!AO2+'الجوف'!AO2+'حائل'!AO2+'نجران'!AO2+'القصيم'!AO2+'الباحه'!AO2+'عسير'!AO2+'جازان'!AO2+'جده'!AO2+'الطائف'!AO2+'العاصمه'!AP2+'القريات'!AO2 -> 1775 | AP3: =SUM(AN3:AO3) -> 81886 | AQ3: ='الرياض'!AQ2+'المدينه المنوره'!AQ2+'الشرقيه'!AQ2+'الحدود الشماليه'!AQ2+'تبوك'!AQ2+'الجوف'!AQ2+'حائل'!AQ2+'نجران'!AQ2+'القصيم'!AQ2+'الباحه'!AQ2+'عسير'!AQ2+'جازان'!AQ2+'جده'!AQ2+'الطائف'!AQ2+'العاصمه'!AR2+'القريات'!AQ2 -> 53790 | AR3: ='الرياض'!AR2+'المدينه المنوره'!AR2+'الشرقيه'!AR2+'الحدود الشماليه'!AR2+'تبوك'!AR2+'الجوف'!AR2+'حائل'!AR2+'نجران'!AR2+'القصيم'!AR2+'الباحه'!AR2+'عسير'!AR2+'جازان'!AR2+'جده'!AR2+'الطائف'!AR2+'العاصمه'!AS2+'القريات'!AR2 -> 13836 | AS3: ='الرياض'!AS2+'المدينه المنوره'!AS2+'الشرقيه'!AS2+'الحدود الشماليه'!AS2+'تبوك'!AS2+'الجوف'!AS2+'حائل'!AS2+'نجران'!AS2+'القصيم'!AS2+'الباحه'!AS2+'عسير'!AS2+'جازان'!AS2+'جده'!AS2+'الطائف'!AS2+'العاصمه'!AT2+'القريات'!AS2 -> 410 | AT3: ='الرياض'!AT2+'المدينه المنوره'!AT2+'الشرقيه'!AT2+'الحدود الشماليه'!AT2+'تبوك'!AT2+'الجوف'!AT2+'حائل'!AT2+'نجران'!AT2+'القصيم'!AT2+'الباحه'!AT2+'عسير'!AT2+'جازان'!AT2+'جده'!AT2+'الطائف'!AT2+'العاصمه'!AU2+'القريات'!AT2 -> 556 | AU3: ='الرياض'!AU2+'المدينه المنوره'!AU2+'الشرقيه'!AU2+'الحدود الشماليه'!AU2+'تبوك'!AU2+'الجوف'!AU2+'حائل'!AU2+'نجران'!AU2+'القصيم'!AU2+'الباحه'!AU2+'عسير'!AU2+'جازان'!AU2+'جده'!AU2+'الطائف'!AU2+'العاصمه'!AV2+'القريات'!AU2 -> 13294 | AV3: =+AQ3+AR3+AS3+AT3+AU3 -> 81886 | AW3: =AU3 -> 13294 | AX3: ='الرياض'!AX2+'المدينه المنوره'!AX2+'الشرقيه'!AX2+'الحدود الشماليه'!AX2+'تبوك'!AX2+'الجوف'!AX2+'حائل'!AX2+'نجران'!AX2+'القصيم'!AX2+'الباحه'!AX2+'عسير'!AX2+'جازان'!AX2+'جده'!AX2+'الطائف'!AX2+'العاصمه'!AY2+'القريات'!AX2 -> 57476 | AY3: ='الرياض'!AY2+'المدينه المنوره'!AY2+'الشرقيه'!AY2+'الحدود الشماليه'!AY2+'تبوك'!AY2+'الجوف'!AY2+'حائل'!AY2+'نجران'!AY2+'القصيم'!AY2+'الباحه'!AY2+'عسير'!AY2+'جازان'!AY2+'جده'!AY2+'الطائف'!AY2+'العاصمه'!AZ2+'القريات'!AY2 -> 11116 | AZ3: =SUM(AW3:AY3) -> 81886 | BA3: ='الرياض'!BA2+'المدينه المنوره'!BA2+'الشرقيه'!BA2+'الحدود الشماليه'!BA2+'تبوك'!BA2+'الجوف'!BA2+'حائل'!BA2+'نجران'!BA2+'القصيم'!BA2+'الباحه'!BA2+'عسير'!BA2+'جازان'!BA2+'جده'!BA2+'الطائف'!BA2+'العاصمه'!BB2+'القريات'!BA2 -> 33980 | BB3: ='الرياض'!BB2+'المدينه المنوره'!BB2+'الشرقيه'!BB2+'الحدود الشماليه'!BB2+'تبوك'!BB2+'الجوف'!BB2+'حائل'!BB2+'نجران'!BB2+'القصيم'!BB2+'الباحه'!BB2+'عسير'!BB2+'جازان'!BB2+'جده'!BB2+'الطائف'!BB2+'العاصمه'!BC2+'القريات'!$BB$2 -> 5608 | BC3: ='الرياض'!BC2+'المدينه المنوره'!BC2+'الشرقيه'!BC2+'الحدود الشماليه'!BC2+'تبوك'!BC2+'الجوف'!BC2+'حائل'!BC2+'نجران'!BC2+'القصيم'!BC2+'الباحه'!BC2+'عسير'!BC2+'جازان'!BC2+'جده'!BC2+'الطائف'!BC2+'العاصمه'!BD2+'القريات'!BC2 -> 688 | BD3: ='الرياض'!BD2+'المدينه المنوره'!BD2+'الشرقيه'!BD2+'الحدود الشماليه'!BD2+'تبوك'!BD2+'الجوف'!BD2+'حائل'!BD2+'نجران'!BD2+'القصيم'!BD2+'الباحه'!BD2+'عسير'!BD2+'جازان'!BD2+'جده'!BD2+'الطائف'!BD2+'العاصمه'!BE2+'القريات'!BD2 -> 154 | BE3: ='الرياض'!BE2+'المدينه المنوره'!BE2+'الشرقيه'!BE2+'الحدود الشماليه'!BE2+'تبوك'!BE2+'الجوف'!BE2+'حائل'!BE2+'نجران'!BE2+'القصيم'!BE2+'الباحه'!BE2+'عسير'!BE2+'جازان'!BE2+'جده'!BE2+'الطائف'!BE2+'العاصمه'!BF2+'القريات'!BE2 -> 44 | BF3: ='الرياض'!BF2+'المدينه المنوره'!BF2+'الشرقيه'!BF2+'الحدود الشماليه'!BF2+'تبوك'!BF2+'الجوف'!BF2+'حائل'!BF2+'نجران'!BF2+'القصيم'!BF2+'الباحه'!BF2+'عسير'!BF2+'جازان'!BF2+'جده'!BF2+'الطائف'!BF2+'العاصمه'!BG2+'القريات'!BF2 -> 2519 | BG3: ='الرياض'!BG2+'المدينه المنوره'!BG2+'الشرقيه'!BG2+'الحدود الشماليه'!BG2+'تبوك'!BG2+'الجوف'!BG2+'حائل'!BG2+'نجران'!BG2+'القصيم'!BG2+'الباحه'!BG2+'عسير'!BG2+'جازان'!BG2+'جده'!BG2+'الطائف'!BG2+'العاصمه'!BH2+'القريات'!BG2 -> 2708 | BH3: ='الرياض'!BH2+'المدينه المنوره'!BH2+'الشرقيه'!BH2+'الحدود الشماليه'!BH2+'تبوك'!BH2+'الجوف'!BH2+'حائل'!BH2+'نجران'!BH2+'القصيم'!BH2+'الباحه'!BH2+'عسير'!BH2+'جازان'!BH2+'جده'!BH2+'الطائف'!BH2+'العاصمه'!BI2+'القريات'!BH2 -> 1430 | BI3: =SUM(BA3:BH3) -> 47131 | BJ3: ='الرياض'!BJ2+'المدينه المنوره'!BJ2+'الشرقيه'!BJ2+'الحدود الشماليه'!BJ2+'تبوك'!BJ2+'الجوف'!BJ2+'حائل'!BJ2+'نجران'!BJ2+'القصيم'!BJ2+'الباحه'!BJ2+'عسير'!BJ2+'جازان'!BJ2+'جده'!BJ2+'الطائف'!BJ2+'العاصمه'!BK2+'القريات'!BJ2 -> 5084 | BK3: ='الرياض'!BK2+'المدينه المنوره'!BK2+'الشرقيه'!BK2+'الحدود الشماليه'!BK2+'تبوك'!BK2+'الجوف'!BK2+'حائل'!BK2+'نجران'!BK2+'القصيم'!BK2+'الباحه'!BK2+'عسير'!BK2+'جازان'!BK2+'جده'!BK2+'الطائف'!BK2+'العاصمه'!BL2+'القريات'!BK2 -> 5072 | BL3: ='الرياض'!BL2+'المدينه المنوره'!BL2+'الشرقيه'!BL2+'الحدود الشماليه'!BL2+'تبوك'!BL2+'الجوف'!BL2+'حائل'!BL2+'نجران'!BL2+'القصيم'!BL2+'الباحه'!BL2+'عسير'!BL2+'جازان'!BL2+'جده'!BL2+'الطائف'!BL2+'العاصمه'!BM2+'القريات'!BL2 -> 6219 | BM3: ='الرياض'!BM2+'المدينه المنوره'!BM2+'الشرقيه'!BM2+'الحدود الشماليه'!BM2+'تبوك'!BM2+'الجوف'!BM2+'حائل'!BM2+'نجران'!BM2+'القصيم'!BM2+'الباحه'!BM2+'عسير'!BM2+'جازان'!BM2+'جده'!BM2+'الطائف'!BM2+'العاصمه'!BN2+'القريات'!BM2 -> 5170 | BN3: ='الرياض'!BN2+'المدينه المنوره'!BN2+'الشرقيه'!BN2+'الحدود الشماليه'!BN2+'تبوك'!BN2+'الجوف'!BN2+'حائل'!BN2+'نجران'!BN2+'القصيم'!BN2+'الباحه'!BN2+'عسير'!BN2+'جازان'!BN2+'جده'!BN2+'الطائف'!BN2+'العاصمه'!BO2+'القريات'!BN2 -> 12257 | BO3: ='الرياض'!BO2+'المدينه المنوره'!BO2+'الشرقيه'!BO2+'الحدود الشماليه'!BO2+'تبوك'!BO2+'الجوف'!BO2+'حائل'!BO2+'نجران'!BO2+'القصيم'!BO2+'الباحه'!BO2+'عسير'!BO2+'جازان'!BO2+'جده'!BO2+'الطائف'!BO2+'العاصمه'!BP2+'القريات'!BO2 -> 47 | BP3: ='الرياض'!BP2+'المدينه المنوره'!BP2+'الشرقيه'!BP2+'الحدود الشماليه'!BP2+'تبوك'!BP2+'الجوف'!BP2+'حائل'!BP2+'نجران'!BP2+'القصيم'!BP2+'الباحه'!BP2+'عسير'!BP2+'جازان'!BP2+'جده'!BP2+'الطائف'!BP2+'العاصمه'!BQ2+'القريات'!BP2 -> 13282 | BQ3: =SUM(BJ3:BP3) -> 47131 | BR3: ='الرياض'!BR2+'المدينه المنوره'!BR2+'الشرقيه'!BR2+'الحدود الشماليه'!BR2+'تبوك'!BR2+'الجوف'!BR2+'حائل'!BR2+'نجران'!BR2+'القصيم'!BR2+'الباحه'!BR2+'عسير'!BR2+'جازان'!BR2+'جده'!BR2+'الطائف'!BR2+'العاصمه'!BS2+'القريات'!BR2 -> 3192 | BS3: ='الرياض'!BS2+'المدينه المنوره'!BS2+'الشرقيه'!BS2+'الحدود الشماليه'!BS2+'تبوك'!BS2+'الجوف'!BS2+'حائل'!BS2+'نجران'!BS2+'القصيم'!BS2+'الباحه'!BS2+'عسير'!BS2+'جازان'!BS2+'جده'!BS2+'الطائف'!BS2+'العاصمه'!BT2+'القريات'!BS2 -> 734 | BT3: ='الرياض'!BT2+'المدينه المنوره'!BT2+'الشرقيه'!BT2+'الحدود الشماليه'!BT2+'تبوك'!BT2+'الجوف'!BT2+'حائل'!BT2+'نجران'!BT2+'القصيم'!BT2+'الباحه'!BT2+'عسير'!BT2+'جازان'!BT2+'جده'!BT2+'الطائف'!BT2+'العاصمه'!BU2+'القريات'!BT2 -> 76214 | BU3: =SUM(BR3:BT3) -> 80140
A4: صفر | B4: ='الرياض'!B3+'المدينه المنوره'!B3+'الشرقيه'!B3+'الحدود الشماليه'!B3+'تبوك'!B3+'الجوف'!B3+'حائل'!B3+'نجران'!B3+'القصيم'!B3+'الباحه'!B3+'عسير'!B3+'جازان'!B3+'جده'!B3+'الطائف'!B3+'العاصمه'!C3+'القريات'!B3 -> 43605 | C4: ='الرياض'!C3+'المدينه المنوره'!C3+'الشرقيه'!C3+'الحدود الشماليه'!C3+'تبوك'!C3+'الجوف'!C3+'حائل'!C3+'نجران'!C3+'القصيم'!C3+'الباحه'!C3+'عسير'!C3+'جازان'!C3+'جده'!C3+'الطائف'!C3+'العاصمه'!D3+'القريات'!C3 -> 1958 | D4: ='الرياض'!D3+'المدينه المنوره'!D3+'الشرقيه'!D3+'الحدود الشماليه'!D3+'تبوك'!D3+'الجوف'!D3+'حائل'!D3+'نجران'!D3+'القصيم'!D3+'الباحه'!D3+'عسير'!D3+'جازان'!D3+'جده'!D3+'الطائف'!D3+'العاصمه'!E3+'القريات'!D3 -> 587 | E4: =SUM(B4:D4) -> 46150 | F4: ='الرياض'!F3+'المدينه المنوره'!F3+'الشرقيه'!F3+'الحدود الشماليه'!F3+'تبوك'!F3+'الجوف'!F3+'حائل'!F3+'نجران'!F3+'القصيم'!F3+'الباحه'!F3+'عسير'!F3+'جازان'!F3+'جده'!F3+'الطائف'!F3+'العاصمه'!G3+'القريات'!F3 -> 6402 | G4: ='الرياض'!G3+'المدينه المنوره'!G3+'الشرقيه'!G3+'الحدود الشماليه'!G3+'تبوك'!G3+'الجوف'!G3+'حائل'!G3+'نجران'!G3+'القصيم'!G3+'الباحه'!G3+'عسير'!G3+'جازان'!G3+'جده'!G3+'الطائف'!G3+'العاصمه'!H3+'القريات'!G3 -> 6918 | H4: ='الرياض'!H3+'المدينه المنوره'!H3+'الشرقيه'!H3+'الحدود الشماليه'!H3+'تبوك'!H3+'الجوف'!H3+'حائل'!H3+'نجران'!H3+'القصيم'!H3+'الباحه'!H3+'عسير'!H3+'جازان'!H3+'جده'!H3+'الطائف'!H3+'العاصمه'!I3+'القريات'!H3 -> 6422 | I4: ='الرياض'!I3+'المدينه المنوره'!I3+'الشرقيه'!I3+'الحدود الشماليه'!I3+'تبوك'!I3+'الجوف'!I3+'حائل'!I3+'نجران'!I3+'القصيم'!I3+'الباحه'!I3+'عسير'!I3+'جازان'!I3+'جده'!I3+'الطائف'!I3+'العاصمه'!J3+'القريات'!I3 -> 6801 | J4: ='الرياض'!J3+'المدينه المنوره'!J3+'الشرقيه'!J3+'الحدود الشماليه'!J3+'تبوك'!J3+'الجوف'!J3+'حائل'!J3+'نجران'!J3+'القصيم'!J3+'الباحه'!J3+'عسير'!J3+'جازان'!J3+'جده'!J3+'الطائف'!J3+'العاصمه'!K3+'القريات'!J3 -> 6628 | K4: ='الرياض'!K3+'المدينه المنوره'!K3+'الشرقيه'!K3+'الحدود الشماليه'!K3+'تبوك'!K3+'الجوف'!K3+'حائل'!K3+'نجران'!K3+'القصيم'!K3+'الباحه'!K3+'عسير'!K3+'جازان'!K3+'جده'!K3+'الطائف'!K3+'العاصمه'!L3+'القريات'!K3 -> 6793 | L4: ='الرياض'!L3+'المدينه المنوره'!L3+'الشرقيه'!L3+'الحدود الشماليه'!L3+'تبوك'!L3+'الجوف'!L3+'حائل'!L3+'نجران'!L3+'القصيم'!L3+'الباحه'!L3+'عسير'!L3+'جازان'!L3+'جده'!L3+'الطائف'!L3+'العاصمه'!M3+'القريات'!L3 -> 6186 | M4: =SUM(F4:L4) -> 46150 | N4: ='الرياض'!N3+'المدينه المنوره'!N3+'الشرقيه'!N3+'الحدود الشماليه'!N3+'تبوك'!N3+'الجوف'!N3+'حائل'!N3+'نجران'!N3+'القصيم'!N3+'الباحه'!N3+'عسير'!N3+'جازان'!N3+'جده'!N3+'الطائف'!N3+'العاصمه'!O3+'القريات'!N3 -> 29573 | O4: ='الرياض'!O3+'المدينه المنوره'!O3+'الشرقيه'!O3+'الحدود الشماليه'!O3+'تبوك'!O3+'الجوف'!O3+'حائل'!O3+'نجران'!O3+'القصيم'!O3+'الباحه'!O3+'عسير'!O3+'جازان'!O3+'جده'!O3+'الطائف'!O3+'العاصمه'!P3+'القريات'!O3 -> 16577 | P4: =SUM(N4:O4) -> 46150 | Q4: ='الرياض'!Q3+'المدينه المنوره'!Q3+'الشرقيه'!Q3+'الحدود الشماليه'!Q3+'تبوك'!Q3+'الجوف'!Q3+'حائل'!Q3+'نجران'!Q3+'القصيم'!Q3+'الباحه'!Q3+'عسير'!Q3+'جازان'!Q3+'جده'!Q3+'الطائف'!Q3+'العاصمه'!R3+'القريات'!Q3 -> 34628 | R4: ='الرياض'!R3+'المدينه المنوره'!R3+'الشرقيه'!R3+'الحدود الشماليه'!R3+'تبوك'!R3+'الجوف'!R3+'حائل'!R3+'نجران'!R3+'القصيم'!R3+'الباحه'!R3+'عسير'!R3+'جازان'!R3+'جده'!R3+'الطائف'!R3+'العاصمه'!S3+'القريات'!R3 -> 11522 | S4: =SUM(Q4:R4) -> 46150 | T4: ='الرياض'!T3+'المدينه المنوره'!T3+'الشرقيه'!T3+'الحدود الشماليه'!T3+'تبوك'!T3+'الجوف'!T3+'حائل'!T3+'نجران'!T3+'القصيم'!T3+'الباحه'!T3+'عسير'!T3+'جازان'!T3+'جده'!T3+'الطائف'!T3+'العاصمه'!U3+'القريات'!T3 -> 40576 | U4: ='الرياض'!U3+'المدينه المنوره'!U3+'الشرقيه'!U3+'الحدود الشماليه'!U3+'تبوك'!U3+'الجوف'!U3+'حائل'!U3+'نجران'!U3+'القصيم'!U3+'الباحه'!U3+'عسير'!U3+'جازان'!U3+'جده'!U3+'الطائف'!U3+'العاصمه'!V3+'القريات'!U3 -> 11882 | V4: ='الرياض'!V3+'المدينه المنوره'!V3+'الشرقيه'!V3+'الحدود الشماليه'!V3+'تبوك'!V3+'الجوف'!V3+'حائل'!V3+'نجران'!V3+'القصيم'!V3+'الباحه'!V3+'عسير'!V3+'جازان'!V3+'جده'!V3+'الطائف'!V3+'العاصمه'!W3+'القريات'!V3 -> 1771 | W4: ='الرياض'!W3+'المدينه المنوره'!W3+'الشرقيه'!W3+'الحدود الشماليه'!W3+'تبوك'!W3+'الجوف'!W3+'حائل'!W3+'نجران'!W3+'القصيم'!W3+'الباحه'!W3+'عسير'!W3+'جازان'!W3+'جده'!W3+'الطائف'!W3+'العاصمه'!X3+'القريات'!W3 -> 10489 | X4: ='الرياض'!X3+'المدينه المنوره'!X3+'الشرقيه'!X3+'الحدود الشماليه'!X3+'تبوك'!X3+'الجوف'!X3+'حائل'!X3+'نجران'!X3+'القصيم'!X3+'الباحه'!X3+'عسير'!X3+'جازان'!X3+'جده'!X3+'الطائف'!X3+'العاصمه'!Y3+'القريات'!X3 -> 6778 | Y4: ='الرياض'!Y3+'المدينه المنوره'!Y3+'الشرقيه'!Y3+'الحدود الشماليه'!Y3+'تبوك'!Y3+'الجوف'!Y3+'حائل'!Y3+'نجران'!Y3+'القصيم'!Y3+'الباحه'!Y3+'عسير'!Y3+'جازان'!Y3+'جده'!Y3+'الطائف'!Y3+'العاصمه'!Z3+'القريات'!Y3 -> 1416 | Z4: ='الرياض'!Z3+'المدينه المنوره'!Z3+'الشرقيه'!Z3+'الحدود الشماليه'!Z3+'تبوك'!Z3+'الجوف'!Z3+'حائل'!Z3+'نجران'!Z3+'القصيم'!Z3+'الباحه'!Z3+'عسير'!Z3+'جازان'!Z3+'جده'!Z3+'الطائف'!Z3+'العاصمه'!AA3+'القريات'!Z3 -> 1955 | AA4: =SUM(T4:Z4) -> 74867 | AB4: ='الرياض'!AB3+'المدينه المنوره'!AB3+'الشرقيه'!AB3+'الحدود الشماليه'!AB3+'تبوك'!AB3+'الجوف'!AB3+'حائل'!AB3+'نجران'!AB3+'القصيم'!AB3+'الباحه'!AB3+'عسير'!AB3+'جازان'!AB3+'جده'!AB3+'الطائف'!AB3+'العاصمه'!AC3+'القريات'!AB3 -> 11593 | AC4: ='الرياض'!AC3+'المدينه المنوره'!AC3+'الشرقيه'!AC3+'الحدود الشماليه'!AC3+'تبوك'!AC3+'الجوف'!AC3+'حائل'!AC3+'نجران'!AC3+'القصيم'!AC3+'الباحه'!AC3+'عسير'!AC3+'جازان'!AC3+'جده'!AC3+'الطائف'!AC3+'العاصمه'!AD3+'القريات'!AC3 -> 28100 | AD4: ='الرياض'!AD3+'المدينه المنوره'!AD3+'الشرقيه'!AD3+'الحدود الشماليه'!AD3+'تبوك'!AD3+'الجوف'!AD3+'حائل'!AD3+'نجران'!AD3+'القصيم'!AD3+'الباحه'!AD3+'عسير'!AD3+'جازان'!AD3+'جده'!AD3+'الطائف'!AD3+'العاصمه'!AE3+'القريات'!AD3 -> 20617 | AE4: ='الرياض'!AE3+'المدينه المنوره'!AE3+'الشرقيه'!AE3+'الحدود الشماليه'!AE3+'تبوك'!AE3+'الجوف'!AE3+'حائل'!AE3+'نجران'!AE3+'القصيم'!AE3+'الباحه'!AE3+'عسير'!AE3+'جازان'!AE3+'جده'!AE3+'الطائف'!AE3+'العاصمه'!AF3+'القريات'!AE3 -> 13103 | AF4: ='الرياض'!AF3+'المدينه المنوره'!AF3+'الشرقيه'!AF3+'الحدود الشماليه'!AF3+'تبوك'!AF3+'الجوف'!AF3+'حائل'!AF3+'نجران'!AF3+'القصيم'!AF3+'الباحه'!AF3+'عسير'!AF3+'جازان'!AF3+'جده'!AF3+'الطائف'!AF3+'العاصمه'!AG3+'القريات'!AF3 -> 6956 | AG4: =SUM(AB4:AF4) -> 80369 | AH4: ='الرياض'!AH3+'المدينه المنوره'!AH3+'الشرقيه'!AH3+'الحدود الشماليه'!AH3+'تبوك'!AH3+'الجوف'!AH3+'حائل'!AH3+'نجران'!AH3+'القصيم'!AH3+'الباحه'!AH3+'عسير'!AH3+'جازان'!AH3+'جده'!AH3+'الطائف'!AH3+'العاصمه'!AI3+'القريات'!AH3 -> 53069 | AI4: ='الرياض'!AI3+'المدينه المنوره'!AI3+'الشرقيه'!AI3+'الحدود الشماليه'!AI3+'تبوك'!AI3+'الجوف'!AI3+'حائل'!AI3+'نجران'!AI3+'القصيم'!AI3+'الباحه'!AI3+'عسير'!AI3+'جازان'!AI3+'جده'!AI3+'الطائف'!AI3+'العاصمه'!AJ3+'القريات'!AI3 -> 27300 | AJ4: =SUM(AH4:AI4) -> 80369 | AK4: ='الرياض'!AK3+'المدينه المنوره'!AK3+'الشرقيه'!AK3+'الحدود الشماليه'!AK3+'تبوك'!AK3+'الجوف'!AK3+'حائل'!AK3+'نجران'!AK3+'القصيم'!AK3+'الباحه'!AK3+'عسير'!AK3+'جازان'!AK3+'جده'!AK3+'الطائف'!AK3+'العاصمه'!AL3+'القريات'!AK3 -> 46151 | AL4: ='الرياض'!AL3+'المدينه المنوره'!AL3+'الشرقيه'!AL3+'الحدود الشماليه'!AL3+'تبوك'!AL3+'الجوف'!AL3+'حائل'!AL3+'نجران'!AL3+'القصيم'!AL3+'الباحه'!AL3+'عسير'!AL3+'جازان'!AL3+'جده'!AL3+'الطائف'!AL3+'العاصمه'!AM3+'القريات'!AL3 -> 34218 | AM4: =SUM(AK4:AL4) -> 80369 | AN4: ='الرياض'!AN3+'المدينه المنوره'!AN3+'الشرقيه'!AN3+'الحدود الشماليه'!AN3+'تبوك'!AN3+'الجوف'!AN3+'حائل'!AN3+'نجران'!AN3+'القصيم'!AN3+'الباحه'!AN3+'عسير'!AN3+'جازان'!AN3+'جده'!AN3+'الطائف'!AN3+'العاصمه'!AO3+'القريات'!AN3 -> 78893 | AO4: ='الرياض'!AO3+'المدينه المنوره'!AO3+'الشرقيه'!AO3+'الحدود الشماليه'!AO3+'تبوك'!AO3+'الجوف'!AO3+'حائل'!AO3+'نجران'!AO3+'القصيم'!AO3+'الباحه'!AO3+'عسير'!AO3+'جازان'!AO3+'جده'!AO3+'الطائف'!AO3+'العاصمه'!AP3+'القريات'!AO3 -> 1476 | AP4: =SUM(AN4:AO4) -> 80369 | AQ4: ='الرياض'!AQ3+'المدينه المنوره'!AQ3+'الشرقيه'!AQ3+'الحدود الشماليه'!AQ3+'تبوك'!AQ3+'الجوف'!AQ3+'حائل'!AQ3+'نجران'!AQ3+'القصيم'!AQ3+'الباحه'!AQ3+'عسير'!AQ3+'جازان'!AQ3+'جده'!AQ3+'الطائف'!AQ3+'العاصمه'!AR3+'القريات'!AQ3 -> 50258 | AR4: ='الرياض'!AR3+'المدينه المنوره'!AR3+'الشرقيه'!AR3+'الحدود الشماليه'!AR3+'تبوك'!AR3+'الجوف'!AR3+'حائل'!AR3+'نجران'!AR3+'القصيم'!AR3+'الباحه'!AR3+'عسير'!AR3+'جازان'!AR3+'جده'!AR3+'الطائف'!AR3+'العاصمه'!AS3+'القريات'!AR3 -> 19659 | AS4: ='الرياض'!AS3+'المدينه المنوره'!AS3+'الشرقيه'!AS3+'الحدود الشماليه'!AS3+'تبوك'!AS3+'الجوف'!AS3+'حائل'!AS3+'نجران'!AS3+'القصيم'!AS3+'الباحه'!AS3+'عسير'!AS3+'جازان'!AS3+'جده'!AS3+'الطائف'!AS3+'العاصمه'!AT3+'القريات'!AS3 -> 481 | AT4: ='الرياض'!AT3+'المدينه المنوره'!AT3+'الشرقيه'!AT3+'الحدود الشماليه'!AT3+'تبوك'!AT3+'الجوف'!AT3+'حائل'!AT3+'نجران'!AT3+'القصيم'!AT3+'الباحه'!AT3+'عسير'!AT3+'جازان'!AT3+'جده'!AT3+'الطائف'!AT3+'العاصمه'!AU3+'القريات'!AT3 -> 507 | AU4: ='الرياض'!AU3+'المدينه المنوره'!AU3+'الشرقيه'!AU3+'الحدود الشماليه'!AU3+'تبوك'!AU3+'الجوف'!AU3+'حائل'!AU3+'نجران'!AU3+'القصيم'!AU3+'الباحه'!AU3+'عسير'!AU3+'جازان'!AU3+'جده'!AU3+'الطائف'!AU3+'العاصمه'!AV3+'القريات'!AU3 -> 9464 | AV4: =SUM(AQ4:AU4) -> 80369 | AW4: =AU4 -> 9464 | AX4: ='الرياض'!AX3+'المدينه المنوره'!AX3+'الشرقيه'!AX3+'الحدود الشماليه'!AX3+'تبوك'!AX3+'الجوف'!AX3+'حائل'!AX3+'نجران'!AX3+'القصيم'!AX3+'الباحه'!AX3+'عسير'!AX3+'جازان'!AX3+'جده'!AX3+'الطائف'!AX3+'العاصمه'!AY3+'القريات'!AX3 -> 62245 | AY4: ='الرياض'!AY3+'المدينه المنوره'!AY3+'الشرقيه'!AY3+'الحدود الشماليه'!AY3+'تبوك'!AY3+'الجوف'!AY3+'حائل'!AY3+'نجران'!AY3+'القصيم'!AY3+'الباحه'!AY3+'عسير'!AY3+'جازان'!AY3+'جده'!AY3+'الطائف'!AY3+'العاصمه'!AZ3+'القريات'!AY3 -> 8660 | AZ4: =SUM(AW4:AY4) -> 80369 | BA4: ='الرياض'!BA3+'المدينه المنوره'!BA3+'الشرقيه'!BA3+'الحدود الشماليه'!BA3+'تبوك'!BA3+'الجوف'!BA3+'حائل'!BA3+'نجران'!BA3+'القصيم'!BA3+'الباحه'!BA3+'عسير'!BA3+'جازان'!BA3+'جده'!BA3+'الطائف'!BA3+'العاصمه'!BB3+'القريات'!BA3 -> 31589 | BB4: ='الرياض'!BB3+'المدينه المنوره'!BB3+'الشرقيه'!BB3+'الحدود الشماليه'!BB3+'تبوك'!BB3+'الجوف'!BB3+'حائل'!BB3+'نجران'!BB3+'القصيم'!BB3+'الباحه'!BB3+'عسير'!BB3+'جازان'!BB3+'جده'!BB3+'الطائف'!BB3+'العاصمه'!BC3+'القريات'!$BB$3 -> 5090 | BC4: ='الرياض'!BC3+'المدينه المنوره'!BC3+'الشرقيه'!BC3+'الحدود الشماليه'!BC3+'تبوك'!BC3+'الجوف'!BC3+'حائل'!BC3+'نجران'!BC3+'القصيم'!BC3+'الباحه'!BC3+'عسير'!BC3+'جازان'!BC3+'جده'!BC3+'الطائف'!BC3+'العاصمه'!BD3+'القريات'!BC3 -> 882 | BD4: ='الرياض'!BD3+'المدينه المنوره'!BD3+'الشرقيه'!BD3+'الحدود الشماليه'!BD3+'تبوك'!BD3+'الجوف'!BD3+'حائل'!BD3+'نجران'!BD3+'القصيم'!BD3+'الباحه'!BD3+'عسير'!BD3+'جازان'!BD3+'جده'!BD3+'الطائف'!BD3+'العاصمه'!BE3+'القريات'!BD3 -> 97 | BE4: ='الرياض'!BE3+'المدينه المنوره'!BE3+'الشرقيه'!BE3+'الحدود الشماليه'!BE3+'تبوك'!BE3+'الجوف'!BE3+'حائل'!BE3+'نجران'!BE3+'القصيم'!BE3+'الباحه'!BE3+'عسير'!BE3+'جازان'!BE3+'جده'!BE3+'الطائف'!BE3+'العاصمه'!BF3+'القريات'!BE3 -> 80 | BF4: ='الرياض'!BF3+'المدينه المنوره'!BF3+'الشرقيه'!BF3+'الحدود الشماليه'!BF3+'تبوك'!BF3+'الجوف'!BF3+'حائل'!BF3+'نجران'!BF3+'القصيم'!BF3+'الباحه'!BF3+'عسير'!BF3+'جازان'!BF3+'جده'!BF3+'الطائف'!BF3+'العاصمه'!BG3+'القريات'!BF3 -> 3458 | BG4: ='الرياض'!BG3+'المدينه المنوره'!BG3+'الشرقيه'!BG3+'الحدود الشماليه'!BG3+'تبوك'!BG3+'الجوف'!BG3+'حائل'!BG3+'نجران'!BG3+'القصيم'!BG3+'الباحه'!BG3+'عسير'!BG3+'جازان'!BG3+'جده'!BG3+'الطائف'!BG3+'العاصمه'!BH3+'القريات'!BG3 -> 3757 | BH4: ='الرياض'!BH3+'المدينه المنوره'!BH3+'الشرقيه'!BH3+'الحدود الشماليه'!BH3+'تبوك'!BH3+'الجوف'!BH3+'حائل'!BH3+'نجران'!BH3+'القصيم'!BH3+'الباحه'!BH3+'عسير'!BH3+'جازان'!BH3+'جده'!BH3+'الطائف'!BH3+'العاصمه'!BI3+'القريات'!BH3 -> 1197 | BI4: =SUM(BA4:BH4) -> 46150 | BJ4: ='الرياض'!BJ3+'المدينه المنوره'!BJ3+'الشرقيه'!BJ3+'الحدود الشماليه'!BJ3+'تبوك'!BJ3+'الجوف'!BJ3+'حائل'!BJ3+'نجران'!BJ3+'القصيم'!BJ3+'الباحه'!BJ3+'عسير'!BJ3+'جازان'!BJ3+'جده'!BJ3+'الطائف'!BJ3+'العاصمه'!BK3+'القريات'!BJ3 -> 4670 | BK4: ='الرياض'!BK3+'المدينه المنوره'!BK3+'الشرقيه'!BK3+'الحدود الشماليه'!BK3+'تبوك'!BK3+'الجوف'!BK3+'حائل'!BK3+'نجران'!BK3+'القصيم'!BK3+'الباحه'!BK3+'عسير'!BK3+'جازان'!BK3+'جده'!BK3+'الطائف'!BK3+'العاصمه'!BL3+'القريات'!BK3 -> 5097 | BL4: ='الرياض'!BL3+'المدينه المنوره'!BL3+'الشرقيه'!BL3+'الحدود الشماليه'!BL3+'تبوك'!BL3+'الجوف'!BL3+'حائل'!BL3+'نجران'!BL3+'القصيم'!BL3+'الباحه'!BL3+'عسير'!BL3+'جازان'!BL3+'جده'!BL3+'الطائف'!BL3+'العاصمه'!BM3+'القريات'!BL3 -> 6204 | BM4: ='الرياض'!BM3+'المدينه المنوره'!BM3+'الشرقيه'!BM3+'الحدود الشماليه'!BM3+'تبوك'!BM3+'الجوف'!BM3+'حائل'!BM3+'نجران'!BM3+'القصيم'!BM3+'الباحه'!BM3+'عسير'!BM3+'جازان'!BM3+'جده'!BM3+'الطائف'!BM3+'العاصمه'!BN3+'القريات'!BM3 -> 4659 | BN4: ='الرياض'!BN3+'المدينه المنوره'!BN3+'الشرقيه'!BN3+'الحدود الشماليه'!BN3+'تبوك'!BN3+'الجوف'!BN3+'حائل'!BN3+'نجران'!BN3+'القصيم'!BN3+'الباحه'!BN3+'عسير'!BN3+'جازان'!BN3+'جده'!BN3+'الطائف'!BN3+'العاصمه'!BO3+'القريات'!BN3 -> 12433 | BO4: ='الرياض'!BO3+'المدينه المنوره'!BO3+'الشرقيه'!BO3+'الحدود الشماليه'!BO3+'تبوك'!BO3+'الجوف'!BO3+'حائل'!BO3+'نجران'!BO3+'القصيم'!BO3+'الباحه'!BO3+'عسير'!BO3+'جازان'!BO3+'جده'!BO3+'الطائف'!BO3+'العاصمه'!BP3+'القريات'!BO3 -> 8 | BP4: ='الرياض'!BP3+'المدينه المنوره'!BP3+'الشرقيه'!BP3+'الحدود الشماليه'!BP3+'تبوك'!BP3+'الجوف'!BP3+'حائل'!BP3+'نجران'!BP3+'القصيم'!BP3+'الباحه'!BP3+'عسير'!BP3+'جازان'!BP3+'جده'!BP3+'الطائف'!BP3+'العاصمه'!BQ3+'القريات'!BP3 -> 13079 | BQ4: =SUM(BJ4:BP4) -> 46150 | BR4: ='الرياض'!BR3+'المدينه المنوره'!BR3+'الشرقيه'!BR3+'الحدود الشماليه'!BR3+'تبوك'!BR3+'الجوف'!BR3+'حائل'!BR3+'نجران'!BR3+'القصيم'!BR3+'الباحه'!BR3+'عسير'!BR3+'جازان'!BR3+'جده'!BR3+'الطائف'!BR3+'العاصمه'!BS3+'القريات'!BR3 -> 3500 | BS4: ='الرياض'!BS3+'المدينه المنوره'!BS3+'الشرقيه'!BS3+'الحدود الشماليه'!BS3+'تبوك'!BS3+'الجوف'!BS3+'حائل'!BS3+'نجران'!BS3+'القصيم'!BS3+'الباحه'!BS3+'عسير'!BS3+'جازان'!BS3+'جده'!BS3+'الطائف'!BS3+'العاصمه'!BT3+'القريات'!BS3 -> 733 | BT4: ='الرياض'!BT3+'المدينه المنوره'!BT3+'الشرقيه'!BT3+'الحدود الشماليه'!BT3+'تبوك'!BT3+'الجوف'!BT3+'حائل'!BT3+'نجران'!BT3+'القصيم'!BT3+'الباحه'!BT3+'عسير'!BT3+'جازان'!BT3+'جده'!BT3+'الطائف'!BT3+'العاصمه'!BU3+'القريات'!BT3 -> 74083 | BU4: =SUM(BR4:BT4) -> 78316
A5: ربيع أول | B5: ='الرياض'!B4+'المدينه المنوره'!B4+'الشرقيه'!B4+'الحدود الشماليه'!B4+'تبوك'!B4+'الجوف'!B4+'حائل'!B4+'نجران'!B4+'القصيم'!B4+'الباحه'!B4+'عسير'!B4+'جازان'!B4+'جده'!B4+'الطائف'!B4+'العاصمه'!C4+'القريات'!B4 -> 42878 | C5: ='الرياض'!C4+'المدينه المنوره'!C4+'الشرقيه'!C4+'الحدود الشماليه'!C4+'تبوك'!C4+'الجوف'!C4+'حائل'!C4+'نجران'!C4+'القصيم'!C4+'الباحه'!C4+'عسير'!C4+'جازان'!C4+'جده'!C4+'الطائف'!C4+'العاصمه'!D4+'القريات'!C4 -> 1999 | D5: ='الرياض'!D4+'المدينه المنوره'!D4+'الشرقيه'!D4+'الحدود الشماليه'!D4+'تبوك'!D4+'الجوف'!D4+'حائل'!D4+'نجران'!D4+'القصيم'!D4+'الباحه'!D4+'عسير'!D4+'جازان'!D4+'جده'!D4+'الطائف'!D4+'العاصمه'!E4+'القريات'!D4 -> 566 | E5: =SUM(B5:D5) -> 45443 | F5: ='الرياض'!F4+'المدينه المنوره'!F4+'الشرقيه'!F4+'الحدود الشماليه'!F4+'تبوك'!F4+'الجوف'!F4+'حائل'!F4+'نجران'!F4+'القصيم'!F4+'الباحه'!F4+'عسير'!F4+'جازان'!F4+'جده'!F4+'الطائف'!F4+'العاصمه'!G4+'القريات'!F4 -> 6266 | G5: ='الرياض'!G4+'المدينه المنوره'!G4+'الشرقيه'!G4+'الحدود الشماليه'!G4+'تبوك'!G4+'الجوف'!G4+'حائل'!G4+'نجران'!G4+'القصيم'!G4+'الباحه'!G4+'عسير'!G4+'جازان'!G4+'جده'!G4+'الطائف'!G4+'العاصمه'!H4+'القريات'!G4 -> 7456 | H5: ='الرياض'!H4+'المدينه المنوره'!H4+'الشرقيه'!H4+'الحدود الشماليه'!H4+'تبوك'!H4+'الجوف'!H4+'حائل'!H4+'نجران'!H4+'القصيم'!H4+'الباحه'!H4+'عسير'!H4+'جازان'!H4+'جده'!H4+'الطائف'!H4+'العاصمه'!I4+'القريات'!H4 -> 6574 | I5: ='الرياض'!I4+'المدينه المنوره'!I4+'الشرقيه'!I4+'الحدود الشماليه'!I4+'تبوك'!I4+'الجوف'!I4+'حائل'!I4+'نجران'!I4+'القصيم'!I4+'الباحه'!I4+'عسير'!I4+'جازان'!I4+'جده'!I4+'الطائف'!I4+'العاصمه'!J4+'القريات'!I4 -> 6461 | J5: ='الرياض'!J4+'المدينه المنوره'!J4+'الشرقيه'!J4+'الحدود الشماليه'!J4+'تبوك'!J4+'الجوف'!J4+'حائل'!J4+'نجران'!J4+'القصيم'!J4+'الباحه'!J4+'عسير'!J4+'جازان'!J4+'جده'!J4+'الطائف'!J4+'العاصمه'!K4+'القريات'!J4 -> 6172 | K5: ='الرياض'!K4+'المدينه المنوره'!K4+'الشرقيه'!K4+'الحدود الشماليه'!K4+'تبوك'!K4+'الجوف'!K4+'حائل'!K4+'نجران'!K4+'القصيم'!K4+'الباحه'!K4+'عسير'!K4+'جازان'!K4+'جده'!K4+'الطائف'!K4+'العاصمه'!L4+'القريات'!K4 -> 6716 | L5: ='الرياض'!L4+'المدينه المنوره'!L4+'الشرقيه'!L4+'الحدود الشماليه'!L4+'تبوك'!L4+'الجوف'!L4+'حائل'!L4+'نجران'!L4+'القصيم'!L4+'الباحه'!L4+'عسير'!L4+'جازان'!L4+'جده'!L4+'الطائف'!L4+'العاصمه'!M4+'القريات'!L4 -> 5798 | M5: =SUM(F5:L5) -> 45443 | N5: ='الرياض'!N4+'المدينه المنوره'!N4+'الشرقيه'!N4+'الحدود الشماليه'!N4+'تبوك'!N4+'الجوف'!N4+'حائل'!N4+'نجران'!N4+'القصيم'!N4+'الباحه'!N4+'عسير'!N4+'جازان'!N4+'جده'!N4+'الطائف'!N4+'العاصمه'!O4+'القريات'!N4 -> 30058 | O5: ='الرياض'!O4+'المدينه المنوره'!O4+'الشرقيه'!O4+'الحدود الشماليه'!O4+'تبوك'!O4+'الجوف'!O4+'حائل'!O4+'نجران'!O4+'القصيم'!O4+'الباحه'!O4+'عسير'!O4+'جازان'!O4+'جده'!O4+'الطائف'!O4+'العاصمه'!P4+'القريات'!O4 -> 15385 | P5: =SUM(N5:O5) -> 45443 | Q5: ='الرياض'!Q4+'المدينه المنوره'!Q4+'الشرقيه'!Q4+'الحدود الشماليه'!Q4+'تبوك'!Q4+'الجوف'!Q4+'حائل'!Q4+'نجران'!Q4+'القصيم'!Q4+'الباحه'!Q4+'عسير'!Q4+'جازان'!Q4+'جده'!Q4+'الطائف'!Q4+'العاصمه'!R4+'القريات'!Q4 -> 35170 | R5: ='الرياض'!R4+'المدينه المنوره'!R4+'الشرقيه'!R4+'الحدود الشماليه'!R4+'تبوك'!R4+'الجوف'!R4+'حائل'!R4+'نجران'!R4+'القصيم'!R4+'الباحه'!R4+'عسير'!R4+'جازان'!R4+'جده'!R4+'الطائف'!R4+'العاصمه'!S4+'القريات'!R4 -> 10273 | S5: =SUM(Q5:R5) -> 45443 | T5: ='الرياض'!T4+'المدينه المنوره'!T4+'الشرقيه'!T4+'الحدود الشماليه'!T4+'تبوك'!T4+'الجوف'!T4+'حائل'!T4+'نجران'!T4+'القصيم'!T4+'الباحه'!T4+'عسير'!T4+'جازان'!T4+'جده'!T4+'الطائف'!T4+'العاصمه'!U4+'القريات'!T4 -> 40358 | U5: ='الرياض'!U4+'المدينه المنوره'!U4+'الشرقيه'!U4+'الحدود الشماليه'!U4+'تبوك'!U4+'الجوف'!U4+'حائل'!U4+'نجران'!U4+'القصيم'!U4+'الباحه'!U4+'عسير'!U4+'جازان'!U4+'جده'!U4+'الطائف'!U4+'العاصمه'!V4+'القريات'!U4 -> 11719 | V5: ='الرياض'!V4+'المدينه المنوره'!V4+'الشرقيه'!V4+'الحدود الشماليه'!V4+'تبوك'!V4+'الجوف'!V4+'حائل'!V4+'نجران'!V4+'القصيم'!V4+'الباحه'!V4+'عسير'!V4+'جازان'!V4+'جده'!V4+'الطائف'!V4+'العاصمه'!W4+'القريات'!V4 -> 1413 | W5: ='الرياض'!W4+'المدينه المنوره'!W4+'الشرقيه'!W4+'الحدود الشماليه'!W4+'تبوك'!W4+'الجوف'!W4+'حائل'!W4+'نجران'!W4+'القصيم'!W4+'الباحه'!W4+'عسير'!W4+'جازان'!W4+'جده'!W4+'الطائف'!W4+'العاصمه'!X4+'القريات'!W4 -> 11399 | X5: ='الرياض'!X4+'المدينه المنوره'!X4+'الشرقيه'!X4+'الحدود الشماليه'!X4+'تبوك'!X4+'الجوف'!X4+'حائل'!X4+'نجران'!X4+'القصيم'!X4+'الباحه'!X4+'عسير'!X4+'جازان'!X4+'جده'!X4+'الطائف'!X4+'العاصمه'!Y4+'القريات'!X4 -> 6278 | Y5: ='الرياض'!Y4+'المدينه المنوره'!Y4+'الشرقيه'!Y4+'الحدود الشماليه'!Y4+'تبوك'!Y4+'الجوف'!Y4+'حائل'!Y4+'نجران'!Y4+'القصيم'!Y4+'الباحه'!Y4+'عسير'!Y4+'جازان'!Y4+'جده'!Y4+'الطائف'!Y4+'العاصمه'!Z4+'القريات'!Y4 -> 920 | Z5: ='الرياض'!Z4+'المدينه المنوره'!Z4+'الشرقيه'!Z4+'الحدود الشماليه'!Z4+'تبوك'!Z4+'الجوف'!Z4+'حائل'!Z4+'نجران'!Z4+'القصيم'!Z4+'الباحه'!Z4+'عسير'!Z4+'جازان'!Z4+'جده'!Z4+'الطائف'!Z4+'العاصمه'!AA4+'القريات'!Z4 -> 1373 | AA5: =SUM(T5:Z5) -> 73460 | AB5: ='الرياض'!AB4+'المدينه المنوره'!AB4+'الشرقيه'!AB4+'الحدود الشماليه'!AB4+'تبوك'!AB4+'الجوف'!AB4+'حائل'!AB4+'نجران'!AB4+'القصيم'!AB4+'الباحه'!AB4+'عسير'!AB4+'جازان'!AB4+'جده'!AB4+'الطائف'!AB4+'العاصمه'!AC4+'القريات'!AB4 -> 10912 | AC5: ='الرياض'!AC4+'المدينه المنوره'!AC4+'الشرقيه'!AC4+'الحدود الشماليه'!AC4+'تبوك'!AC4+'الجوف'!AC4+'حائل'!AC4+'نجران'!AC4+'القصيم'!AC4+'الباحه'!AC4+'عسير'!AC4+'جازان'!AC4+'جده'!AC4+'الطائف'!AC4+'العاصمه'!AD4+'القريات'!AC4 -> 28434 | AD5: ='الرياض'!AD4+'المدينه المنوره'!AD4+'الشرقيه'!AD4+'الحدود الشماليه'!AD4+'تبوك'!AD4+'الجوف'!AD4+'حائل'!AD4+'نجران'!AD4+'القصيم'!AD4+'الباحه'!AD4+'عسير'!AD4+'جازان'!AD4+'جده'!AD4+'الطائف'!AD4+'العاصمه'!AE4+'القريات'!AD4 -> 20606 | AE5: ='الرياض'!AE4+'المدينه المنوره'!AE4+'الشرقيه'!AE4+'الحدود الشماليه'!AE4+'تبوك'!AE4+'الجوف'!AE4+'حائل'!AE4+'نجران'!AE4+'القصيم'!AE4+'الباحه'!AE4+'عسير'!AE4+'جازان'!AE4+'جده'!AE4+'الطائف'!AE4+'العاصمه'!AF4+'القريات'!AE4 -> 12807 | AF5: ='الرياض'!AF4+'المدينه المنوره'!AF4+'الشرقيه'!AF4+'الحدود الشماليه'!AF4+'تبوك'!AF4+'الجوف'!AF4+'حائل'!AF4+'نجران'!AF4+'القصيم'!AF4+'الباحه'!AF4+'عسير'!AF4+'جازان'!AF4+'جده'!AF4+'الطائف'!AF4+'العاصمه'!AG4+'القريات'!AF4 -> 7340 | AG5: =SUM(AB5:AF5) -> 80099 | AH5: ='الرياض'!AH4+'المدينه المنوره'!AH4+'الشرقيه'!AH4+'الحدود الشماليه'!AH4+'تبوك'!AH4+'الجوف'!AH4+'حائل'!AH4+'نجران'!AH4+'القصيم'!AH4+'الباحه'!AH4+'عسير'!AH4+'جازان'!AH4+'جده'!AH4+'الطائف'!AH4+'العاصمه'!AI4+'القريات'!AH4 -> 53782 | AI5: ='الرياض'!AI4+'المدينه المنوره'!AI4+'الشرقيه'!AI4+'الحدود الشماليه'!AI4+'تبوك'!AI4+'الجوف'!AI4+'حائل'!AI4+'نجران'!AI4+'القصيم'!AI4+'الباحه'!AI4+'عسير'!AI4+'جازان'!AI4+'جده'!AI4+'الطائف'!AI4+'العاصمه'!AJ4+'القريات'!AI4 -> 26317 | AJ5: =SUM(AH5:AI5) -> 80099 | AK5: ='الرياض'!AK4+'المدينه المنوره'!AK4+'الشرقيه'!AK4+'الحدود الشماليه'!AK4+'تبوك'!AK4+'الجوف'!AK4+'حائل'!AK4+'نجران'!AK4+'القصيم'!AK4+'الباحه'!AK4+'عسير'!AK4+'جازان'!AK4+'جده'!AK4+'الطائف'!AK4+'العاصمه'!AL4+'القريات'!AK4 -> 46364 | AL5: ='الرياض'!AL4+'المدينه المنوره'!AL4+'الشرقيه'!AL4+'الحدود الشماليه'!AL4+'تبوك'!AL4+'الجوف'!AL4+'حائل'!AL4+'نجران'!AL4+'القصيم'!AL4+'الباحه'!AL4+'عسير'!AL4+'جازان'!AL4+'جده'!AL4+'الطائف'!AL4+'العاصمه'!AM4+'القريات'!AL4 -> 33735 | AM5: =SUM(AK5:AL5) -> 80099 | AN5: ='الرياض'!AN4+'المدينه المنوره'!AN4+'الشرقيه'!AN4+'الحدود الشماليه'!AN4+'تبوك'!AN4+'الجوف'!AN4+'حائل'!AN4+'نجران'!AN4+'القصيم'!AN4+'الباحه'!AN4+'عسير'!AN4+'جازان'!AN4+'جده'!AN4+'الطائف'!AN4+'العاصمه'!AO4+'القريات'!AN4 -> 78877 | AO5: ='الرياض'!AO4+'المدينه المنوره'!AO4+'الشرقيه'!AO4+'الحدود الشماليه'!AO4+'تبوك'!AO4+'الجوف'!AO4+'حائل'!AO4+'نجران'!AO4+'القصيم'!AO4+'الباحه'!AO4+'عسير'!AO4+'جازان'!AO4+'جده'!AO4+'الطائف'!AO4+'العاصمه'!AP4+'القريات'!AO4 -> 1222 | AP5: =SUM(AN5:AO5) -> 80099 | AQ5: ='الرياض'!AQ4+'المدينه المنوره'!AQ4+'الشرقيه'!AQ4+'الحدود الشماليه'!AQ4+'تبوك'!AQ4+'الجوف'!AQ4+'حائل'!AQ4+'نجران'!AQ4+'القصيم'!AQ4+'الباحه'!AQ4+'عسير'!AQ4+'جازان'!AQ4+'جده'!AQ4+'الطائف'!AQ4+'العاصمه'!AR4+'القريات'!AQ4 -> 55420 | AR5: ='الرياض'!AR4+'المدينه المنوره'!AR4+'الشرقيه'!AR4+'الحدود الشماليه'!AR4+'تبوك'!AR4+'الجوف'!AR4+'حائل'!AR4+'نجران'!AR4+'القصيم'!AR4+'الباحه'!AR4+'عسير'!AR4+'جازان'!AR4+'جده'!AR4+'الطائف'!AR4+'العاصمه'!AS4+'القريات'!AR4 -> 14612 | AS5: ='الرياض'!AS4+'المدينه المنوره'!AS4+'الشرقيه'!AS4+'الحدود الشماليه'!AS4+'تبوك'!AS4+'الجوف'!AS4+'حائل'!AS4+'نجران'!AS4+'القصيم'!AS4+'الباحه'!AS4+'عسير'!AS4+'جازان'!AS4+'جده'!AS4+'الطائف'!AS4+'العاصمه'!AT4+'القريات'!AS4 -> 351 | AT5: ='الرياض'!AT4+'المدينه المنوره'!AT4+'الشرقيه'!AT4+'الحدود الشماليه'!AT4+'تبوك'!AT4+'الجوف'!AT4+'حائل'!AT4+'نجران'!AT4+'القصيم'!AT4+'الباحه'!AT4+'عسير'!AT4+'جازان'!AT4+'جده'!AT4+'الطائف'!AT4+'العاصمه'!AU4+'القريات'!AT4 -> 248 | AU5: ='الرياض'!AU4+'المدينه المنوره'!AU4+'الشرقيه'!AU4+'الحدود الشماليه'!AU4+'تبوك'!AU4+'الجوف'!AU4+'حائل'!AU4+'نجران'!AU4+'القصيم'!AU4+'الباحه'!AU4+'عسير'!AU4+'جازان'!AU4+'جده'!AU4+'الطائف'!AU4+'العاصمه'!AV4+'القريات'!AU4 -> 9468 | AV5: =SUM(AQ5:AU5) -> 80099 | AW5: =AU5 -> 9468 | AX5: ='الرياض'!AX4+'المدينه المنوره'!AX4+'الشرقيه'!AX4+'الحدود الشماليه'!AX4+'تبوك'!AX4+'الجوف'!AX4+'حائل'!AX4+'نجران'!AX4+'القصيم'!AX4+'الباحه'!AX4+'عسير'!AX4+'جازان'!AX4+'جده'!AX4+'الطائف'!AX4+'العاصمه'!AY4+'القريات'!AX4 -> 59197 | AY5: ='الرياض'!AY4+'المدينه المنوره'!AY4+'الشرقيه'!AY4+'الحدود الشماليه'!AY4+'تبوك'!AY4+'الجوف'!AY4+'حائل'!AY4+'نجران'!AY4+'القصيم'!AY4+'الباحه'!AY4+'عسير'!AY4+'جازان'!AY4+'جده'!AY4+'الطائف'!AY4+'العاصمه'!AZ4+'القريات'!AY4 -> 11434 | AZ5: =SUM(AW5:AY5) -> 80099 | BA5: ='الرياض'!BA4+'المدينه المنوره'!BA4+'الشرقيه'!BA4+'الحدود الشماليه'!BA4+'تبوك'!BA4+'الجوف'!BA4+'حائل'!BA4+'نجران'!BA4+'القصيم'!BA4+'الباحه'!BA4+'عسير'!BA4+'جازان'!BA4+'جده'!BA4+'الطائف'!BA4+'العاصمه'!BB4+'القريات'!BA4 -> 30674 | BB5: ='الرياض'!BB4+'المدينه المنوره'!BB4+'الشرقيه'!BB4+'الحدود الشماليه'!BB4+'تبوك'!BB4+'الجوف'!BB4+'حائل'!BB4+'نجران'!BB4+'القصيم'!BB4+'الباحه'!BB4+'عسير'!BB4+'جازان'!BB4+'جده'!BB4+'الطائف'!BB4+'العاصمه'!BC4+'القريات'!$BB$4 -> 4722 | BC5: ='الرياض'!BC4+'المدينه المنوره'!BC4+'الشرقيه'!BC4+'الحدود الشماليه'!BC4+'تبوك'!BC4+'الجوف'!BC4+'حائل'!BC4+'نجران'!BC4+'القصيم'!BC4+'الباحه'!BC4+'عسير'!BC4+'جازان'!BC4+'جده'!BC4+'الطائف'!BC4+'العاصمه'!BD4+'القريات'!BC4 -> 837 | BD5: ='الرياض'!BD4+'المدينه المنوره'!BD4+'الشرقيه'!BD4+'الحدود الشماليه'!BD4+'تبوك'!BD4+'الجوف'!BD4+'حائل'!BD4+'نجران'!BD4+'القصيم'!BD4+'الباحه'!BD4+'عسير'!BD4+'جازان'!BD4+'جده'!BD4+'الطائف'!BD4+'العاصمه'!BE4+'القريات'!BD4 -> 84 | BE5: ='الرياض'!BE4+'المدينه المنوره'!BE4+'الشرقيه'!BE4+'الحدود الشماليه'!BE4+'تبوك'!BE4+'الجوف'!BE4+'حائل'!BE4+'نجران'!BE4+'القصيم'!BE4+'الباحه'!BE4+'عسير'!BE4+'جازان'!BE4+'جده'!BE4+'الطائف'!BE4+'العاصمه'!BF4+'القريات'!BE4 -> 89 | BF5: ='الرياض'!BF4+'المدينه المنوره'!BF4+'الشرقيه'!BF4+'الحدود الشماليه'!BF4+'تبوك'!BF4+'الجوف'!BF4+'حائل'!BF4+'نجران'!BF4+'القصيم'!BF4+'الباحه'!BF4+'عسير'!BF4+'جازان'!BF4+'جده'!BF4+'الطائف'!BF4+'العاصمه'!BG4+'القريات'!BF4 -> 3156 | BG5: ='الرياض'!BG4+'المدينه المنوره'!BG4+'الشرقيه'!BG4+'الحدود الشماليه'!BG4+'تبوك'!BG4+'الجوف'!BG4+'حائل'!BG4+'نجران'!BG4+'القصيم'!BG4+'الباحه'!BG4+'عسير'!BG4+'جازان'!BG4+'جده'!BG4+'الطائف'!BG4+'العاصمه'!BH4+'القريات'!BG4 -> 3734 | BH5: ='الرياض'!BH4+'المدينه المنوره'!BH4+'الشرقيه'!BH4+'الحدود الشماليه'!BH4+'تبوك'!BH4+'الجوف'!BH4+'حائل'!BH4+'نجران'!BH4+'القصيم'!BH4+'الباحه'!BH4+'عسير'!BH4+'جازان'!BH4+'جده'!BH4+'الطائف'!BH4+'العاصمه'!BI4+'القريات'!BH4 -> 2147 | BI5: =SUM(BA5:BH5) -> 45443 | BJ5: ='الرياض'!BJ4+'المدينه المنوره'!BJ4+'الشرقيه'!BJ4+'الحدود الشماليه'!BJ4+'تبوك'!BJ4+'الجوف'!BJ4+'حائل'!BJ4+'نجران'!BJ4+'القصيم'!BJ4+'الباحه'!BJ4+'عسير'!BJ4+'جازان'!BJ4+'جده'!BJ4+'الطائف'!BJ4+'العاصمه'!BK4+'القريات'!BJ4 -> 3559 | BK5: ='الرياض'!BK4+'المدينه المنوره'!BK4+'الشرقيه'!BK4+'الحدود الشماليه'!BK4+'تبوك'!BK4+'الجوف'!BK4+'حائل'!BK4+'نجران'!BK4+'القصيم'!BK4+'الباحه'!BK4+'عسير'!BK4+'جازان'!BK4+'جده'!BK4+'الطائف'!BK4+'العاصمه'!BL4+'القريات'!BK4 -> 4135 | BL5: ='الرياض'!BL4+'المدينه المنوره'!BL4+'الشرقيه'!BL4+'الحدود الشماليه'!BL4+'تبوك'!BL4+'الجوف'!BL4+'حائل'!BL4+'نجران'!BL4+'القصيم'!BL4+'الباحه'!BL4+'عسير'!BL4+'جازان'!BL4+'جده'!BL4+'الطائف'!BL4+'العاصمه'!BM4+'القريات'!BL4 -> 3887 | BM5: ='الرياض'!BM4+'المدينه المنوره'!BM4+'الشرقيه'!BM4+'الحدود الشماليه'!BM4+'تبوك'!BM4+'الجوف'!BM4+'حائل'!BM4+'نجران'!BM4+'القصيم'!BM4+'الباحه'!BM4+'عسير'!BM4+'جازان'!BM4+'جده'!BM4+'الطائف'!BM4+'العاصمه'!BN4+'القريات'!BM4 -> 5898 | BN5: ='الرياض'!BN4+'المدينه المنوره'!BN4+'الشرقيه'!BN4+'الحدود الشماليه'!BN4+'تبوك'!BN4+'الجوف'!BN4+'حائل'!BN4+'نجران'!BN4+'القصيم'!BN4+'الباحه'!BN4+'عسير'!BN4+'جازان'!BN4+'جده'!BN4+'الطائف'!BN4+'العاصمه'!BO4+'القريات'!BN4 -> 13367 | BO5: ='الرياض'!BO4+'المدينه المنوره'!BO4+'الشرقيه'!BO4+'الحدود الشماليه'!BO4+'تبوك'!BO4+'الجوف'!BO4+'حائل'!BO4+'نجران'!BO4+'القصيم'!BO4+'الباحه'!BO4+'عسير'!BO4+'جازان'!BO4+'جده'!BO4+'الطائف'!BO4+'العاصمه'!BP4+'القريات'!BO4 -> 11 | BP5: ='الرياض'!BP4+'المدينه المنوره'!BP4+'الشرقيه'!BP4+'الحدود الشماليه'!BP4+'تبوك'!BP4+'الجوف'!BP4+'حائل'!BP4+'نجران'!BP4+'القصيم'!BP4+'الباحه'!BP4+'عسير'!BP4+'جازان'!BP4+'جده'!BP4+'الطائف'!BP4+'العاصمه'!BQ4+'القريات'!BP4 -> 14586 | BQ5: =SUM(BJ5:BP5) -> 45443 | BR5: ='الرياض'!BR4+'المدينه المنوره'!BR4+'الشرقيه'!BR4+'الحدود الشماليه'!BR4+'تبوك'!BR4+'الجوف'!BR4+'حائل'!BR4+'نجران'!BR4+'القصيم'!BR4+'الباحه'!BR4+'عسير'!BR4+'جازان'!BR4+'جده'!BR4+'الطائف'!BR4+'العاصمه'!BS4+'القريات'!BR4 -> 3261 | BS5: ='الرياض'!BS4+'المدينه المنوره'!BS4+'الشرقيه'!BS4+'الحدود الشماليه'!BS4+'تبوك'!BS4+'الجوف'!BS4+'حائل'!BS4+'نجران'!BS4+'القصيم'!BS4+'الباحه'!BS4+'عسير'!BS4+'جازان'!BS4+'جده'!BS4+'الطائف'!BS4+'العاصمه'!BT4+'القريات'!BS4 -> 725 | BT5: ='الرياض'!BT4+'المدينه المنوره'!BT4+'الشرقيه'!BT4+'الحدود الشماليه'!BT4+'تبوك'!BT4+'الجوف'!BT4+'حائل'!BT4+'نجران'!BT4+'القصيم'!BT4+'الباحه'!BT4+'عسير'!BT4+'جازان'!BT4+'جده'!BT4+'الطائف'!BT4+'العاصمه'!BU4+'القريات'!BT4 -> 75847 | BU5: =SUM(BR5:BT5) -> 79833
A6: ربيع ثانى | B6: ='الرياض'!B5+'المدينه المنوره'!B5+'الشرقيه'!B5+'الحدود الشماليه'!B5+'تبوك'!B5+'الجوف'!B5+'حائل'!B5+'نجران'!B5+'القصيم'!B5+'الباحه'!B5+'عسير'!B5+'جازان'!B5+'جده'!B5+'الطائف'!B5+'العاصمه'!C5+'القريات'!B5 -> 43722 | C6: ='الرياض'!C5+'المدينه المنوره'!C5+'الشرقيه'!C5+'الحدود الشماليه'!C5+'تبوك'!C5+'الجوف'!C5+'حائل'!C5+'نجران'!C5+'القصيم'!C5+'الباحه'!C5+'عسير'!C5+'جازان'!C5+'جده'!C5+'الطائف'!C5+'العاصمه'!D5+'القريات'!C5 -> 2022 | D6: ='الرياض'!D5+'المدينه المنوره'!D5+'الشرقيه'!D5+'الحدود الشماليه'!D5+'تبوك'!D5+'الجوف'!D5+'حائل'!D5+'نجران'!D5+'القصيم'!D5+'الباحه'!D5+'عسير'!D5+'جازان'!D5+'جده'!D5+'الطائف'!D5+'العاصمه'!E5+'القريات'!D5 -> 581 | E6: =SUM(B6:D6) -> 46325 | F6: ='الرياض'!F5+'المدينه المنوره'!F5+'الشرقيه'!F5+'الحدود الشماليه'!F5+'تبوك'!F5+'الجوف'!F5+'حائل'!F5+'نجران'!F5+'القصيم'!F5+'الباحه'!F5+'عسير'!F5+'جازان'!F5+'جده'!F5+'الطائف'!F5+'العاصمه'!G5+'القريات'!F5 -> 6772 | G6: ='الرياض'!G5+'المدينه المنوره'!G5+'الشرقيه'!G5+'الحدود الشماليه'!G5+'تبوك'!G5+'الجوف'!G5+'حائل'!G5+'نجران'!G5+'القصيم'!G5+'الباحه'!G5+'عسير'!G5+'جازان'!G5+'جده'!G5+'الطائف'!G5+'العاصمه'!H5+'القريات'!G5 -> 7296 | H6: ='الرياض'!H5+'المدينه المنوره'!H5+'الشرقيه'!H5+'الحدود الشماليه'!H5+'تبوك'!H5+'الجوف'!H5+'حائل'!H5+'نجران'!H5+'القصيم'!H5+'الباحه'!H5+'عسير'!H5+'جازان'!H5+'جده'!H5+'الطائف'!H5+'العاصمه'!I5+'القريات'!H5 -> 6465 | I6: ='الرياض'!I5+'المدينه المنوره'!I5+'الشرقيه'!I5+'الحدود الشماليه'!I5+'تبوك'!I5+'الجوف'!I5+'حائل'!I5+'نجران'!I5+'القصيم'!I5+'الباحه'!I5+'عسير'!I5+'جازان'!I5+'جده'!I5+'الطائف'!I5+'العاصمه'!J5+'القريات'!I5 -> 6511 | J6: ='الرياض'!J5+'المدينه المنوره'!J5+'الشرقيه'!J5+'الحدود الشماليه'!J5+'تبوك'!J5+'الجوف'!J5+'حائل'!J5+'نجران'!J5+'القصيم'!J5+'الباحه'!J5+'عسير'!J5+'جازان'!J5+'جده'!J5+'الطائف'!J5+'العاصمه'!K5+'القريات'!J5 -> 6199 | K6: ='الرياض'!K5+'المدينه المنوره'!K5+'الشرقيه'!K5+'الحدود الشماليه'!K5+'تبوك'!K5+'الجوف'!K5+'حائل'!K5+'نجران'!K5+'القصيم'!K5+'الباحه'!K5+'عسير'!K5+'جازان'!K5+'جده'!K5+'الطائف'!K5+'العاصمه'!L5+'القريات'!K5 -> 6697 | L6: ='الرياض'!L5+'المدينه المنوره'!L5+'الشرقيه'!L5+'الحدود الشماليه'!L5+'تبوك'!L5+'الجوف'!L5+'حائل'!L5+'نجران'!L5+'القصيم'!L5+'الباحه'!L5+'عسير'!L5+'جازان'!L5+'جده'!L5+'الطائف'!L5+'العاصمه'!M5+'القريات'!L5 -> 6385 | M6: =SUM(F6:L6) -> 46325 | N6: ='الرياض'!N5+'المدينه المنوره'!N5+'الشرقيه'!N5+'الحدود الشماليه'!N5+'تبوك'!N5+'الجوف'!N5+'حائل'!N5+'نجران'!N5+'القصيم'!N5+'الباحه'!N5+'عسير'!N5+'جازان'!N5+'جده'!N5+'الطائف'!N5+'العاصمه'!O5+'القريات'!N5 -> 31201 | O6: ='الرياض'!O5+'المدينه المنوره'!O5+'الشرقيه'!O5+'الحدود الشماليه'!O5+'تبوك'!O5+'الجوف'!O5+'حائل'!O5+'نجران'!O5+'القصيم'!O5+'الباحه'!O5+'عسير'!O5+'جازان'!O5+'جده'!O5+'الطائف'!O5+'العاصمه'!P5+'القريات'!O5 -> 15124 | P6: =SUM(N6:O6) -> 46325 | Q6: ='الرياض'!Q5+'المدينه المنوره'!Q5+'الشرقيه'!Q5+'الحدود الشماليه'!Q5+'تبوك'!Q5+'الجوف'!Q5+'حائل'!Q5+'نجران'!Q5+'القصيم'!Q5+'الباحه'!Q5+'عسير'!Q5+'جازان'!Q5+'جده'!Q5+'الطائف'!Q5+'العاصمه'!R5+'القريات'!Q5 -> 35521 | R6: ='الرياض'!R5+'المدينه المنوره'!R5+'الشرقيه'!R5+'الحدود الشماليه'!R5+'تبوك'!R5+'الجوف'!R5+'حائل'!R5+'نجران'!R5+'القصيم'!R5+'الباحه'!R5+'عسير'!R5+'جازان'!R5+'جده'!R5+'الطائف'!R5+'العاصمه'!S5+'القريات'!R5 -> 10804 | S6: =SUM(Q6:R6) -> 46325 | T6: ='الرياض'!T5+'المدينه المنوره'!T5+'الشرقيه'!T5+'الحدود الشماليه'!T5+'تبوك'!T5+'الجوف'!T5+'حائل'!T5+'نجران'!T5+'القصيم'!T5+'الباحه'!T5+'عسير'!T5+'جازان'!T5+'جده'!T5+'الطائف'!T5+'العاصمه'!U5+'القريات'!T5 -> 35167 | U6: ='الرياض'!U5+'المدينه المنوره'!U5+'الشرقيه'!U5+'الحدود الشماليه'!U5+'تبوك'!U5+'الجوف'!U5+'حائل'!U5+'نجران'!U5+'القصيم'!U5+'الباحه'!U5+'عسير'!U5+'جازان'!U5+'جده'!U5+'الطائف'!U5+'العاصمه'!V5+'القريات'!U5 -> 12715 | V6: ='الرياض'!V5+'المدينه المنوره'!V5+'الشرقيه'!V5+'الحدود الشماليه'!V5+'تبوك'!V5+'الجوف'!V5+'حائل'!V5+'نجران'!V5+'القصيم'!V5+'الباحه'!V5+'عسير'!V5+'جازان'!V5+'جده'!V5+'الطائف'!V5+'العاصمه'!W5+'القريات'!V5 -> 1381 | W6: ='الرياض'!W5+'المدينه المنوره'!W5+'الشرقيه'!W5+'الحدود الشماليه'!W5+'تبوك'!W5+'الجوف'!W5+'حائل'!W5+'نجران'!W5+'القصيم'!W5+'الباحه'!W5+'عسير'!W5+'جازان'!W5+'جده'!W5+'الطائف'!W5+'العاصمه'!X5+'القريات'!W5 -> 11907 | X6: ='الرياض'!X5+'المدينه المنوره'!X5+'الشرقيه'!X5+'الحدود الشماليه'!X5+'تبوك'!X5+'الجوف'!X5+'حائل'!X5+'نجران'!X5+'القصيم'!X5+'الباحه'!X5+'عسير'!X5+'جازان'!X5+'جده'!X5+'الطائف'!X5+'العاصمه'!Y5+'القريات'!X5 -> 6421 | Y6: ='الرياض'!Y5+'المدينه المنوره'!Y5+'الشرقيه'!Y5+'الحدود الشماليه'!Y5+'تبوك'!Y5+'الجوف'!Y5+'حائل'!Y5+'نجران'!Y5+'القصيم'!Y5+'الباحه'!Y5+'عسير'!Y5+'جازان'!Y5+'جده'!Y5+'الطائف'!Y5+'العاصمه'!Z5+'القريات'!Y5 -> 855 | Z6: ='الرياض'!Z5+'المدينه المنوره'!Z5+'الشرقيه'!Z5+'الحدود الشماليه'!Z5+'تبوك'!Z5+'الجوف'!Z5+'حائل'!Z5+'نجران'!Z5+'القصيم'!Z5+'الباحه'!Z5+'عسير'!Z5+'جازان'!Z5+'جده'!Z5+'الطائف'!Z5+'العاصمه'!AA5+'القريات'!Z5 -> 2276 | AA6: =SUM(T6:Z6) -> 70722 | AB6: ='الرياض'!AB5+'المدينه المنوره'!AB5+'الشرقيه'!AB5+'الحدود الشماليه'!AB5+'تبوك'!AB5+'الجوف'!AB5+'حائل'!AB5+'نجران'!AB5+'القصيم'!AB5+'الباحه'!AB5+'عسير'!AB5+'جازان'!AB5+'جده'!AB5+'الطائف'!AB5+'العاصمه'!AC5+'القريات'!AB5 -> 9965 | AC6: ='الرياض'!AC5+'المدينه المنوره'!AC5+'الشرقيه'!AC5+'الحدود الشماليه'!AC5+'تبوك'!AC5+'الجوف'!AC5+'حائل'!AC5+'نجران'!AC5+'القصيم'!AC5+'الباحه'!AC5+'عسير'!AC5+'جازان'!AC5+'جده'!AC5+'الطائف'!AC5+'العاصمه'!AD5+'القريات'!AC5 -> 27226 | AD6: ='الرياض'!AD5+'المدينه المنوره'!AD5+'الشرقيه'!AD5+'الحدود الشماليه'!AD5+'تبوك'!AD5+'الجوف'!AD5+'حائل'!AD5+'نجران'!AD5+'القصيم'!AD5+'الباحه'!AD5+'عسير'!AD5+'جازان'!AD5+'جده'!AD5+'الطائف'!AD5+'العاصمه'!AE5+'القريات'!AD5 -> 20664 | AE6: ='الرياض'!AE5+'المدينه المنوره'!AE5+'الشرقيه'!AE5+'الحدود الشماليه'!AE5+'تبوك'!AE5+'الجوف'!AE5+'حائل'!AE5+'نجران'!AE5+'القصيم'!AE5+'الباحه'!AE5+'عسير'!AE5+'جازان'!AE5+'جده'!AE5+'الطائف'!AE5+'العاصمه'!AF5+'القريات'!AE5 -> 12300 | AF6: ='الرياض'!AF5+'المدينه المنوره'!AF5+'الشرقيه'!AF5+'الحدود الشماليه'!AF5+'تبوك'!AF5+'الجوف'!AF5+'حائل'!AF5+'نجران'!AF5+'القصيم'!AF5+'الباحه'!AF5+'عسير'!AF5+'جازان'!AF5+'جده'!AF5+'الطائف'!AF5+'العاصمه'!AG5+'القريات'!AF5 -> 6639 | AG6: =SUM(AB6:AF6) -> 76794 | AH6: ='الرياض'!AH5+'المدينه المنوره'!AH5+'الشرقيه'!AH5+'الحدود الشماليه'!AH5+'تبوك'!AH5+'الجوف'!AH5+'حائل'!AH5+'نجران'!AH5+'القصيم'!AH5+'الباحه'!AH5+'عسير'!AH5+'جازان'!AH5+'جده'!AH5+'الطائف'!AH5+'العاصمه'!AI5+'القريات'!AH5 -> 48731 | AI6: ='الرياض'!AI5+'المدينه المنوره'!AI5+'الشرقيه'!AI5+'الحدود الشماليه'!AI5+'تبوك'!AI5+'الجوف'!AI5+'حائل'!AI5+'نجران'!AI5+'القصيم'!AI5+'الباحه'!AI5+'عسير'!AI5+'جازان'!AI5+'جده'!AI5+'الطائف'!AI5+'العاصمه'!AJ5+'القريات'!AI5 -> 28063 | AJ6: =SUM(AH6:AI6) -> 76794 | AK6: ='الرياض'!AK5+'المدينه المنوره'!AK5+'الشرقيه'!AK5+'الحدود الشماليه'!AK5+'تبوك'!AK5+'الجوف'!AK5+'حائل'!AK5+'نجران'!AK5+'القصيم'!AK5+'الباحه'!AK5+'عسير'!AK5+'جازان'!AK5+'جده'!AK5+'الطائف'!AK5+'العاصمه'!AL5+'القريات'!AK5 -> 44412 | AL6: ='الرياض'!AL5+'المدينه المنوره'!AL5+'الشرقيه'!AL5+'الحدود الشماليه'!AL5+'تبوك'!AL5+'الجوف'!AL5+'حائل'!AL5+'نجران'!AL5+'القصيم'!AL5+'الباحه'!AL5+'عسير'!AL5+'جازان'!AL5+'جده'!AL5+'الطائف'!AL5+'العاصمه'!AM5+'القريات'!AL5 -> 32382 | AM6: =SUM(AK6:AL6) -> 76794 | AN6: ='الرياض'!AN5+'المدينه المنوره'!AN5+'الشرقيه'!AN5+'الحدود الشماليه'!AN5+'تبوك'!AN5+'الجوف'!AN5+'حائل'!AN5+'نجران'!AN5+'القصيم'!AN5+'الباحه'!AN5+'عسير'!AN5+'جازان'!AN5+'جده'!AN5+'الطائف'!AN5+'العاصمه'!AO5+'القريات'!AN5 -> 75227 | AO6: ='الرياض'!AO5+'المدينه المنوره'!AO5+'الشرقيه'!AO5+'الحدود الشماليه'!AO5+'تبوك'!AO5+'الجوف'!AO5+'حائل'!AO5+'نجران'!AO5+'القصيم'!AO5+'الباحه'!AO5+'عسير'!AO5+'جازان'!AO5+'جده'!AO5+'الطائف'!AO5+'العاصمه'!AP5+'القريات'!AO5 -> 1567 | AP6: =SUM(AN6:AO6) -> 76794 | AQ6: ='الرياض'!AQ5+'المدينه المنوره'!AQ5+'الشرقيه'!AQ5+'الحدود الشماليه'!AQ5+'تبوك'!AQ5+'الجوف'!AQ5+'حائل'!AQ5+'نجران'!AQ5+'القصيم'!AQ5+'الباحه'!AQ5+'عسير'!AQ5+'جازان'!AQ5+'جده'!AQ5+'الطائف'!AQ5+'العاصمه'!AR5+'القريات'!AQ5 -> 52069 | AR6: ='الرياض'!AR5+'المدينه المنوره'!AR5+'الشرقيه'!AR5+'الحدود الشماليه'!AR5+'تبوك'!AR5+'الجوف'!AR5+'حائل'!AR5+'نجران'!AR5+'القصيم'!AR5+'الباحه'!AR5+'عسير'!AR5+'جازان'!AR5+'جده'!AR5+'الطائف'!AR5+'العاصمه'!AS5+'القريات'!AR5 -> 15874 | AS6: ='الرياض'!AS5+'المدينه المنوره'!AS5+'الشرقيه'!AS5+'الحدود الشماليه'!AS5+'تبوك'!AS5+'الجوف'!AS5+'حائل'!AS5+'نجران'!AS5+'القصيم'!AS5+'الباحه'!AS5+'عسير'!AS5+'جازان'!AS5+'جده'!AS5+'الطائف'!AS5+'العاصمه'!AT5+'القريات'!AS5 -> 292 | AT6: ='الرياض'!AT5+'المدينه المنوره'!AT5+'الشرقيه'!AT5+'الحدود الشماليه'!AT5+'تبوك'!AT5+'الجوف'!AT5+'حائل'!AT5+'نجران'!AT5+'القصيم'!AT5+'الباحه'!AT5+'عسير'!AT5+'جازان'!AT5+'جده'!AT5+'الطائف'!AT5+'العاصمه'!AU5+'القريات'!AT5 -> 143 | AU6: ='الرياض'!AU5+'المدينه المنوره'!AU5+'الشرقيه'!AU5+'الحدود الشماليه'!AU5+'تبوك'!AU5+'الجوف'!AU5+'حائل'!AU5+'نجران'!AU5+'القصيم'!AU5+'الباحه'!AU5+'عسير'!AU5+'جازان'!AU5+'جده'!AU5+'الطائف'!AU5+'العاصمه'!AV5+'القريات'!AU5 -> 8416 | AV6: =SUM(AQ6:AU6) -> 76794 | AW6: =AU6 -> 8416 | AX6: ='الرياض'!AX5+'المدينه المنوره'!AX5+'الشرقيه'!AX5+'الحدود الشماليه'!AX5+'تبوك'!AX5+'الجوف'!AX5+'حائل'!AX5+'نجران'!AX5+'القصيم'!AX5+'الباحه'!AX5+'عسير'!AX5+'جازان'!AX5+'جده'!AX5+'الطائف'!AX5+'العاصمه'!AY5+'القريات'!AX5 -> 61403 | AY6: ='الرياض'!AY5+'المدينه المنوره'!AY5+'الشرقيه'!AY5+'الحدود الشماليه'!AY5+'تبوك'!AY5+'الجوف'!AY5+'حائل'!AY5+'نجران'!AY5+'القصيم'!AY5+'الباحه'!AY5+'عسير'!AY5+'جازان'!AY5+'جده'!AY5+'الطائف'!AY5+'العاصمه'!AZ5+'القريات'!AY5 -> 6975 | AZ6: =SUM(AW6:AY6) -> 76794 | BA6: ='الرياض'!BA5+'المدينه المنوره'!BA5+'الشرقيه'!BA5+'الحدود الشماليه'!BA5+'تبوك'!BA5+'الجوف'!BA5+'حائل'!BA5+'نجران'!BA5+'القصيم'!BA5+'الباحه'!BA5+'عسير'!BA5+'جازان'!BA5+'جده'!BA5+'الطائف'!BA5+'العاصمه'!BB5+'القريات'!BA5 -> 31117 | BB6: ='الرياض'!BB5+'المدينه المنوره'!BB5+'الشرقيه'!BB5+'الحدود الشماليه'!BB5+'تبوك'!BB5+'الجوف'!BB5+'حائل'!BB5+'نجران'!BB5+'القصيم'!BB5+'الباحه'!BB5+'عسير'!BB5+'جازان'!BB5+'جده'!BB5+'الطائف'!BB5+'العاصمه'!BC5+'القريات'!$BB5 -> 4578 | BC6: ='الرياض'!BC5+'المدينه المنوره'!BC5+'الشرقيه'!BC5+'الحدود الشماليه'!BC5+'تبوك'!BC5+'الجوف'!BC5+'حائل'!BC5+'نجران'!BC5+'القصيم'!BC5+'الباحه'!BC5+'عسير'!BC5+'جازان'!BC5+'جده'!BC5+'الطائف'!BC5+'العاصمه'!BD5+'القريات'!BC5 -> 843 | BD6: ='الرياض'!BD5+'المدينه المنوره'!BD5+'الشرقيه'!BD5+'الحدود الشماليه'!BD5+'تبوك'!BD5+'الجوف'!BD5+'حائل'!BD5+'نجران'!BD5+'القصيم'!BD5+'الباحه'!BD5+'عسير'!BD5+'جازان'!BD5+'جده'!BD5+'الطائف'!BD5+'العاصمه'!BE5+'القريات'!BD5 -> 38 | BE6: ='الرياض'!BE5+'المدينه المنوره'!BE5+'الشرقيه'!BE5+'الحدود الشماليه'!BE5+'تبوك'!BE5+'الجوف'!BE5+'حائل'!BE5+'نجران'!BE5+'القصيم'!BE5+'الباحه'!BE5+'عسير'!BE5+'جازان'!BE5+'جده'!BE5+'الطائف'!BE5+'العاصمه'!BF5+'القريات'!BE5 -> 71 | BF6: ='الرياض'!BF5+'المدينه المنوره'!BF5+'الشرقيه'!BF5+'الحدود الشماليه'!BF5+'تبوك'!BF5+'الجوف'!BF5+'حائل'!BF5+'نجران'!BF5+'القصيم'!BF5+'الباحه'!BF5+'عسير'!BF5+'جازان'!BF5+'جده'!BF5+'الطائف'!BF5+'العاصمه'!BG5+'القريات'!BF5 -> 3373 | BG6: ='الرياض'!BG5+'المدينه المنوره'!BG5+'الشرقيه'!BG5+'الحدود الشماليه'!BG5+'تبوك'!BG5+'الجوف'!BG5+'حائل'!BG5+'نجران'!BG5+'القصيم'!BG5+'الباحه'!BG5+'عسير'!BG5+'جازان'!BG5+'جده'!BG5+'الطائف'!BG5+'العاصمه'!BH5+'القريات'!BG5 -> 3490 | BH6: ='الرياض'!BH5+'المدينه المنوره'!BH5+'الشرقيه'!BH5+'الحدود الشماليه'!BH5+'تبوك'!BH5+'الجوف'!BH5+'حائل'!BH5+'نجران'!BH5+'القصيم'!BH5+'الباحه'!BH5+'عسير'!BH5+'جازان'!BH5+'جده'!BH5+'الطائف'!BH5+'العاصمه'!BI5+'القريات'!BH5 -> 2815 | BI6: =SUM(BA6:BH6) -> 46325 | BJ6: ='الرياض'!BJ5+'المدينه المنوره'!BJ5+'الشرقيه'!BJ5+'الحدود الشماليه'!BJ5+'تبوك'!BJ5+'الجوف'!BJ5+'حائل'!BJ5+'نجران'!BJ5+'القصيم'!BJ5+'الباحه'!BJ5+'عسير'!BJ5+'جازان'!BJ5+'جده'!BJ5+'الطائف'!BJ5+'العاصمه'!BK5+'القريات'!BJ5 -> 4427 | BK6: ='الرياض'!BK5+'المدينه المنوره'!BK5+'الشرقيه'!BK5+'الحدود الشماليه'!BK5+'تبوك'!BK5+'الجوف'!BK5+'حائل'!BK5+'نجران'!BK5+'القصيم'!BK5+'الباحه'!BK5+'عسير'!BK5+'جازان'!BK5+'جده'!BK5+'الطائف'!BK5+'العاصمه'!BL5+'القريات'!BK5 -> 4284 | BL6: ='الرياض'!BL5+'المدينه المنوره'!BL5+'الشرقيه'!BL5+'الحدود الشماليه'!BL5+'تبوك'!BL5+'الجوف'!BL5+'حائل'!BL5+'نجران'!BL5+'القصيم'!BL5+'الباحه'!BL5+'عسير'!BL5+'جازان'!BL5+'جده'!BL5+'الطائف'!BL5+'العاصمه'!BM5+'القريات'!BL5 -> 4215 | BM6: ='الرياض'!BM5+'المدينه المنوره'!BM5+'الشرقيه'!BM5+'الحدود الشماليه'!BM5+'تبوك'!BM5+'الجوف'!BM5+'حائل'!BM5+'نجران'!BM5+'القصيم'!BM5+'الباحه'!BM5+'عسير'!BM5+'جازان'!BM5+'جده'!BM5+'الطائف'!BM5+'العاصمه'!BN5+'القريات'!BM5 -> 4422 | BN6: ='الرياض'!BN5+'المدينه المنوره'!BN5+'الشرقيه'!BN5+'الحدود الشماليه'!BN5+'تبوك'!BN5+'الجوف'!BN5+'حائل'!BN5+'نجران'!BN5+'القصيم'!BN5+'الباحه'!BN5+'عسير'!BN5+'جازان'!BN5+'جده'!BN5+'الطائف'!BN5+'العاصمه'!BO5+'القريات'!BN5 -> 12492 | BO6: ='الرياض'!BO5+'المدينه المنوره'!BO5+'الشرقيه'!BO5+'الحدود الشماليه'!BO5+'تبوك'!BO5+'الجوف'!BO5+'حائل'!BO5+'نجران'!BO5+'القصيم'!BO5+'الباحه'!BO5+'عسير'!BO5+'جازان'!BO5+'جده'!BO5+'الطائف'!BO5+'العاصمه'!BP5+'القريات'!BO5 -> 4 | BP6: ='الرياض'!BP5+'المدينه المنوره'!BP5+'الشرقيه'!BP5+'الحدود الشماليه'!BP5+'تبوك'!BP5+'الجوف'!BP5+'حائل'!BP5+'نجران'!BP5+'القصيم'!BP5+'الباحه'!BP5+'عسير'!BP5+'جازان'!BP5+'جده'!BP5+'الطائف'!BP5+'العاصمه'!BQ5+'القريات'!BP5 -> 16481 | BQ6: =SUM(BJ6:BP6) -> 46325 | BR6: ='الرياض'!BR5+'المدينه المنوره'!BR5+'الشرقيه'!BR5+'الحدود الشماليه'!BR5+'تبوك'!BR5+'الجوف'!BR5+'حائل'!BR5+'نجران'!BR5+'القصيم'!BR5+'الباحه'!BR5+'عسير'!BR5+'جازان'!BR5+'جده'!BR5+'الطائف'!BR5+'العاصمه'!BS5+'القريات'!BR5 -> 3263 | BS6: ='الرياض'!BS5+'المدينه المنوره'!BS5+'الشرقيه'!BS5+'الحدود الشماليه'!BS5+'تبوك'!BS5+'الجوف'!BS5+'حائل'!BS5+'نجران'!BS5+'القصيم'!BS5+'الباحه'!BS5+'عسير'!BS5+'جازان'!BS5+'جده'!BS5+'الطائف'!BS5+'العاصمه'!BT5+'القريات'!BS5 -> 770 | BT6: ='الرياض'!BT5+'المدينه المنوره'!BT5+'الشرقيه'!BT5+'الحدود الشماليه'!BT5+'تبوك'!BT5+'الجوف'!BT5+'حائل'!BT5+'نجران'!BT5+'القصيم'!BT5+'الباحه'!BT5+'عسير'!BT5+'جازان'!BT5+'جده'!BT5+'الطائف'!BT5+'العاصمه'!BU5+'القريات'!BT5 -> 76366 | BU6: =SUM(BR6:BT6) -> 80399
A7: جمادى أول | B7: ='الرياض'!B6+'المدينه المنوره'!B6+'الشرقيه'!B6+'الحدود الشماليه'!B6+'تبوك'!B6+'الجوف'!B6+'حائل'!B6+'نجران'!B6+'القصيم'!B6+'الباحه'!B6+'عسير'!B6+'جازان'!B6+'جده'!B6+'الطائف'!B6+'العاصمه'!C6+'القريات'!B6 -> 45597 | C7: ='الرياض'!C6+'المدينه المنوره'!C6+'الشرقيه'!C6+'الحدود الشماليه'!C6+'تبوك'!C6+'الجوف'!C6+'حائل'!C6+'نجران'!C6+'القصيم'!C6+'الباحه'!C6+'عسير'!C6+'جازان'!C6+'جده'!C6+'الطائف'!C6+'العاصمه'!D6+'القريات'!C6 -> 1800 | D7: ='الرياض'!D6+'المدينه المنوره'!D6+'الشرقيه'!D6+'الحدود الشماليه'!D6+'تبوك'!D6+'الجوف'!D6+'حائل'!D6+'نجران'!D6+'القصيم'!D6+'الباحه'!D6+'عسير'!D6+'جازان'!D6+'جده'!D6+'الطائف'!D6+'العاصمه'!E6+'القريات'!D6 -> 539 | E7: =SUM(B7:D7) -> 47936 | F7: ='الرياض'!F6+'المدينه المنوره'!F6+'الشرقيه'!F6+'الحدود الشماليه'!F6+'تبوك'!F6+'الجوف'!F6+'حائل'!F6+'نجران'!F6+'القصيم'!F6+'الباحه'!F6+'عسير'!F6+'جازان'!F6+'جده'!F6+'الطائف'!F6+'العاصمه'!G6+'القريات'!F6 -> 7257 | G7: ='الرياض'!G6+'المدينه المنوره'!G6+'الشرقيه'!G6+'الحدود الشماليه'!G6+'تبوك'!G6+'الجوف'!G6+'حائل'!G6+'نجران'!G6+'القصيم'!G6+'الباحه'!G6+'عسير'!G6+'جازان'!G6+'جده'!G6+'الطائف'!G6+'العاصمه'!H6+'القريات'!G6 -> 7029 | H7: ='الرياض'!H6+'المدينه المنوره'!H6+'الشرقيه'!H6+'الحدود الشماليه'!H6+'تبوك'!H6+'الجوف'!H6+'حائل'!H6+'نجران'!H6+'القصيم'!H6+'الباحه'!H6+'عسير'!H6+'جازان'!H6+'جده'!H6+'الطائف'!H6+'العاصمه'!I6+'القريات'!H6 -> 6707 | I7: ='الرياض'!I6+'المدينه المنوره'!I6+'الشرقيه'!I6+'الحدود الشماليه'!I6+'تبوك'!I6+'الجوف'!I6+'حائل'!I6+'نجران'!I6+'القصيم'!I6+'الباحه'!I6+'عسير'!I6+'جازان'!I6+'جده'!I6+'الطائف'!I6+'العاصمه'!J6+'القريات'!I6 -> 7021 | J7: ='الرياض'!J6+'المدينه المنوره'!J6+'الشرقيه'!J6+'الحدود الشماليه'!J6+'تبوك'!J6+'الجوف'!J6+'حائل'!J6+'نجران'!J6+'القصيم'!J6+'الباحه'!J6+'عسير'!J6+'جازان'!J6+'جده'!J6+'الطائف'!J6+'العاصمه'!K6+'القريات'!J6 -> 6362 | K7: ='الرياض'!K6+'المدينه المنوره'!K6+'الشرقيه'!K6+'الحدود الشماليه'!K6+'تبوك'!K6+'الجوف'!K6+'حائل'!K6+'نجران'!K6+'القصيم'!K6+'الباحه'!K6+'عسير'!K6+'جازان'!K6+'جده'!K6+'الطائف'!K6+'العاصمه'!L6+'القريات'!K6 -> 7327 | L7: ='الرياض'!L6+'المدينه المنوره'!L6+'الشرقيه'!L6+'الحدود الشماليه'!L6+'تبوك'!L6+'الجوف'!L6+'حائل'!L6+'نجران'!L6+'القصيم'!L6+'الباحه'!L6+'عسير'!L6+'جازان'!L6+'جده'!L6+'الطائف'!L6+'العاصمه'!M6+'القريات'!L6 -> 6233 | M7: =SUM(F7:L7) -> 47936 | N7: ='الرياض'!N6+'المدينه المنوره'!N6+'الشرقيه'!N6+'الحدود الشماليه'!N6+'تبوك'!N6+'الجوف'!N6+'حائل'!N6+'نجران'!N6+'القصيم'!N6+'الباحه'!N6+'عسير'!N6+'جازان'!N6+'جده'!N6+'الطائف'!N6+'العاصمه'!O6+'القريات'!N6 -> 30229 | O7: ='الرياض'!O6+'المدينه المنوره'!O6+'الشرقيه'!O6+'الحدود الشماليه'!O6+'تبوك'!O6+'الجوف'!O6+'حائل'!O6+'نجران'!O6+'القصيم'!O6+'الباحه'!O6+'عسير'!O6+'جازان'!O6+'جده'!O6+'الطائف'!O6+'العاصمه'!P6+'القريات'!O6 -> 17707 | P7: =SUM(N7:O7) -> 47936 | Q7: ='الرياض'!Q6+'المدينه المنوره'!Q6+'الشرقيه'!Q6+'الحدود الشماليه'!Q6+'تبوك'!Q6+'الجوف'!Q6+'حائل'!Q6+'نجران'!Q6+'القصيم'!Q6+'الباحه'!Q6+'عسير'!Q6+'جازان'!Q6+'جده'!Q6+'الطائف'!Q6+'العاصمه'!R6+'القريات'!Q6 -> 36343 | R7: ='الرياض'!R6+'المدينه المنوره'!R6+'الشرقيه'!R6+'الحدود الشماليه'!R6+'تبوك'!R6+'الجوف'!R6+'حائل'!R6+'نجران'!R6+'القصيم'!R6+'الباحه'!R6+'عسير'!R6+'جازان'!R6+'جده'!R6+'الطائف'!R6+'العاصمه'!S6+'القريات'!R6 -> 11593 | S7: =SUM(Q7:R7) -> 47936 | T7: ='الرياض'!T6+'المدينه المنوره'!T6+'الشرقيه'!T6+'الحدود الشماليه'!T6+'تبوك'!T6+'الجوف'!T6+'حائل'!T6+'نجران'!T6+'القصيم'!T6+'الباحه'!T6+'عسير'!T6+'جازان'!T6+'جده'!T6+'الطائف'!T6+'العاصمه'!U6+'القريات'!T6 -> 38425 | U7: ='الرياض'!U6+'المدينه المنوره'!U6+'الشرقيه'!U6+'الحدود الشماليه'!U6+'تبوك'!U6+'الجوف'!U6+'حائل'!U6+'نجران'!U6+'القصيم'!U6+'الباحه'!U6+'عسير'!U6+'جازان'!U6+'جده'!U6+'الطائف'!U6+'العاصمه'!V6+'القريات'!U6 -> 13303 | V7: ='الرياض'!V6+'المدينه المنوره'!V6+'الشرقيه'!V6+'الحدود الشماليه'!V6+'تبوك'!V6+'الجوف'!V6+'حائل'!V6+'نجران'!V6+'القصيم'!V6+'الباحه'!V6+'عسير'!V6+'جازان'!V6+'جده'!V6+'الطائف'!V6+'العاصمه'!W6+'القريات'!V6 -> 1746 | W7: ='الرياض'!W6+'المدينه المنوره'!W6+'الشرقيه'!W6+'الحدود الشماليه'!W6+'تبوك'!W6+'الجوف'!W6+'حائل'!W6+'نجران'!W6+'القصيم'!W6+'الباحه'!W6+'عسير'!W6+'جازان'!W6+'جده'!W6+'الطائف'!W6+'العاصمه'!X6+'القريات'!W6 -> 11521 | X7: ='الرياض'!X6+'المدينه المنوره'!X6+'الشرقيه'!X6+'الحدود الشماليه'!X6+'تبوك'!X6+'الجوف'!X6+'حائل'!X6+'نجران'!X6+'القصيم'!X6+'الباحه'!X6+'عسير'!X6+'جازان'!X6+'جده'!X6+'الطائف'!X6+'العاصمه'!Y6+'القريات'!X6 -> 7417 | Y7: ='الرياض'!Y6+'المدينه المنوره'!Y6+'الشرقيه'!Y6+'الحدود الشماليه'!Y6+'تبوك'!Y6+'الجوف'!Y6+'حائل'!Y6+'نجران'!Y6+'القصيم'!Y6+'الباحه'!Y6+'عسير'!Y6+'جازان'!Y6+'جده'!Y6+'الطائف'!Y6+'العاصمه'!Z6+'القريات'!Y6 -> 717 | Z7: ='الرياض'!Z6+'المدينه المنوره'!Z6+'الشرقيه'!Z6+'الحدود الشماليه'!Z6+'تبوك'!Z6+'الجوف'!Z6+'حائل'!Z6+'نجران'!Z6+'القصيم'!Z6+'الباحه'!Z6+'عسير'!Z6+'جازان'!Z6+'جده'!Z6+'الطائف'!Z6+'العاصمه'!AA6+'القريات'!Z6 -> 1843 | AA7: =SUM(T7:Z7) -> 74972 | AB7: ='الرياض'!AB6+'المدينه المنوره'!AB6+'الشرقيه'!AB6+'الحدود الشماليه'!AB6+'تبوك'!AB6+'الجوف'!AB6+'حائل'!AB6+'نجران'!AB6+'القصيم'!AB6+'الباحه'!AB6+'عسير'!AB6+'جازان'!AB6+'جده'!AB6+'الطائف'!AB6+'العاصمه'!AC6+'القريات'!AB6 -> 12553 | AC7: ='الرياض'!AC6+'المدينه المنوره'!AC6+'الشرقيه'!AC6+'الحدود الشماليه'!AC6+'تبوك'!AC6+'الجوف'!AC6+'حائل'!AC6+'نجران'!AC6+'القصيم'!AC6+'الباحه'!AC6+'عسير'!AC6+'جازان'!AC6+'جده'!AC6+'الطائف'!AC6+'العاصمه'!AD6+'القريات'!AC6 -> 27004 | AD7: ='الرياض'!AD6+'المدينه المنوره'!AD6+'الشرقيه'!AD6+'الحدود الشماليه'!AD6+'تبوك'!AD6+'الجوف'!AD6+'حائل'!AD6+'نجران'!AD6+'القصيم'!AD6+'الباحه'!AD6+'عسير'!AD6+'جازان'!AD6+'جده'!AD6+'الطائف'!AD6+'العاصمه'!AE6+'القريات'!AD6 -> 22100 | AE7: ='الرياض'!AE6+'المدينه المنوره'!AE6+'الشرقيه'!AE6+'الحدود الشماليه'!AE6+'تبوك'!AE6+'الجوف'!AE6+'حائل'!AE6+'نجران'!AE6+'القصيم'!AE6+'الباحه'!AE6+'عسير'!AE6+'جازان'!AE6+'جده'!AE6+'الطائف'!AE6+'العاصمه'!AF6+'القريات'!AE6 -> 12996 | AF7: ='الرياض'!AF6+'المدينه المنوره'!AF6+'الشرقيه'!AF6+'الحدود الشماليه'!AF6+'تبوك'!AF6+'الجوف'!AF6+'حائل'!AF6+'نجران'!AF6+'القصيم'!AF6+'الباحه'!AF6+'عسير'!AF6+'جازان'!AF6+'جده'!AF6+'الطائف'!AF6+'العاصمه'!AG6+'القريات'!AF6 -> 5496 | AG7: =SUM(AB7:AF7) -> 80149 | AH7: ='الرياض'!AH6+'المدينه المنوره'!AH6+'الشرقيه'!AH6+'الحدود الشماليه'!AH6+'تبوك'!AH6+'الجوف'!AH6+'حائل'!AH6+'نجران'!AH6+'القصيم'!AH6+'الباحه'!AH6+'عسير'!AH6+'جازان'!AH6+'جده'!AH6+'الطائف'!AH6+'العاصمه'!AI6+'القريات'!AH6 -> 49952 | AI7: ='الرياض'!AI6+'المدينه المنوره'!AI6+'الشرقيه'!AI6+'الحدود الشماليه'!AI6+'تبوك'!AI6+'الجوف'!AI6+'حائل'!AI6+'نجران'!AI6+'القصيم'!AI6+'الباحه'!AI6+'عسير'!AI6+'جازان'!AI6+'جده'!AI6+'الطائف'!AI6+'العاصمه'!AJ6+'القريات'!AI6 -> 30197 | AJ7: =SUM(AH7:AI7) -> 80149 | AK7: ='الرياض'!AK6+'المدينه المنوره'!AK6+'الشرقيه'!AK6+'الحدود الشماليه'!AK6+'تبوك'!AK6+'الجوف'!AK6+'حائل'!AK6+'نجران'!AK6+'القصيم'!AK6+'الباحه'!AK6+'عسير'!AK6+'جازان'!AK6+'جده'!AK6+'الطائف'!AK6+'العاصمه'!AL6+'القريات'!AK6 -> 47134 | AL7: ='الرياض'!AL6+'المدينه المنوره'!AL6+'الشرقيه'!AL6+'الحدود الشماليه'!AL6+'تبوك'!AL6+'الجوف'!AL6+'حائل'!AL6+'نجران'!AL6+'القصيم'!AL6+'الباحه'!AL6+'عسير'!AL6+'جازان'!AL6+'جده'!AL6+'الطائف'!AL6+'العاصمه'!AM6+'القريات'!AL6 -> 33015 | AM7: =SUM(AK7:AL7) -> 80149 | AN7: ='الرياض'!AN6+'المدينه المنوره'!AN6+'الشرقيه'!AN6+'الحدود الشماليه'!AN6+'تبوك'!AN6+'الجوف'!AN6+'حائل'!AN6+'نجران'!AN6+'القصيم'!AN6+'الباحه'!AN6+'عسير'!AN6+'جازان'!AN6+'جده'!AN6+'الطائف'!AN6+'العاصمه'!AO6+'القريات'!AN6 -> 78392 | AO7: ='الرياض'!AO6+'المدينه المنوره'!AO6+'الشرقيه'!AO6+'الحدود الشماليه'!AO6+'تبوك'!AO6+'الجوف'!AO6+'حائل'!AO6+'نجران'!AO6+'القصيم'!AO6+'الباحه'!AO6+'عسير'!AO6+'جازان'!AO6+'جده'!AO6+'الطائف'!AO6+'العاصمه'!AP6+'القريات'!AO6 -> 1757 | AP7: =SUM(AN7:AO7) -> 80149 | AQ7: ='الرياض'!AQ6+'المدينه المنوره'!AQ6+'الشرقيه'!AQ6+'الحدود الشماليه'!AQ6+'تبوك'!AQ6+'الجوف'!AQ6+'حائل'!AQ6+'نجران'!AQ6+'القصيم'!AQ6+'الباحه'!AQ6+'عسير'!AQ6+'جازان'!AQ6+'جده'!AQ6+'الطائف'!AQ6+'العاصمه'!AR6+'القريات'!AQ6 -> 54882 | AR7: ='الرياض'!AR6+'المدينه المنوره'!AR6+'الشرقيه'!AR6+'الحدود الشماليه'!AR6+'تبوك'!AR6+'الجوف'!AR6+'حائل'!AR6+'نجران'!AR6+'القصيم'!AR6+'الباحه'!AR6+'عسير'!AR6+'جازان'!AR6+'جده'!AR6+'الطائف'!AR6+'العاصمه'!AS6+'القريات'!AR6 -> 16137 | AS7: ='الرياض'!AS6+'المدينه المنوره'!AS6+'الشرقيه'!AS6+'الحدود الشماليه'!AS6+'تبوك'!AS6+'الجوف'!AS6+'حائل'!AS6+'نجران'!AS6+'القصيم'!AS6+'الباحه'!AS6+'عسير'!AS6+'جازان'!AS6+'جده'!AS6+'الطائف'!AS6+'العاصمه'!AT6+'القريات'!AS6 -> 295 | AT7: ='الرياض'!AT6+'المدينه المنوره'!AT6+'الشرقيه'!AT6+'الحدود الشماليه'!AT6+'تبوك'!AT6+'الجوف'!AT6+'حائل'!AT6+'نجران'!AT6+'القصيم'!AT6+'الباحه'!AT6+'عسير'!AT6+'جازان'!AT6+'جده'!AT6+'الطائف'!AT6+'العاصمه'!AU6+'القريات'!AT6 -> 844 | AU7: ='الرياض'!AU6+'المدينه المنوره'!AU6+'الشرقيه'!AU6+'الحدود الشماليه'!AU6+'تبوك'!AU6+'الجوف'!AU6+'حائل'!AU6+'نجران'!AU6+'القصيم'!AU6+'الباحه'!AU6+'عسير'!AU6+'جازان'!AU6+'جده'!AU6+'الطائف'!AU6+'العاصمه'!AV6+'القريات'!AU6 -> 7991 | AV7: =SUM(AQ7:AU7) -> 80149 | AW7: =AU7 -> 7991 | AX7: ='الرياض'!AX6+'المدينه المنوره'!AX6+'الشرقيه'!AX6+'الحدود الشماليه'!AX6+'تبوك'!AX6+'الجوف'!AX6+'حائل'!AX6+'نجران'!AX6+'القصيم'!AX6+'الباحه'!AX6+'عسير'!AX6+'جازان'!AX6+'جده'!AX6+'الطائف'!AX6+'العاصمه'!AY6+'القريات'!AX6 -> 59146 | AY7: ='الرياض'!AY6+'المدينه المنوره'!AY6+'الشرقيه'!AY6+'الحدود الشماليه'!AY6+'تبوك'!AY6+'الجوف'!AY6+'حائل'!AY6+'نجران'!AY6+'القصيم'!AY6+'الباحه'!AY6+'عسير'!AY6+'جازان'!AY6+'جده'!AY6+'الطائف'!AY6+'العاصمه'!AZ6+'القريات'!AY6 -> 13012 | AZ7: =SUM(AW7:AY7) -> 80149 | BA7: ='الرياض'!BA6+'المدينه المنوره'!BA6+'الشرقيه'!BA6+'الحدود الشماليه'!BA6+'تبوك'!BA6+'الجوف'!BA6+'حائل'!BA6+'نجران'!BA6+'القصيم'!BA6+'الباحه'!BA6+'عسير'!BA6+'جازان'!BA6+'جده'!BA6+'الطائف'!BA6+'العاصمه'!BB6+'القريات'!BA6 -> 35599 | BB7: ='الرياض'!BB6+'المدينه المنوره'!BB6+'الشرقيه'!BB6+'الحدود الشماليه'!BB6+'تبوك'!BB6+'الجوف'!BB6+'حائل'!BB6+'نجران'!BB6+'القصيم'!BB6+'الباحه'!BB6+'عسير'!BB6+'جازان'!BB6+'جده'!BB6+'الطائف'!BB6+'العاصمه'!BC6+'القريات'!$BB6 -> 4905 | BC7: ='الرياض'!BC6+'المدينه المنوره'!BC6+'الشرقيه'!BC6+'الحدود الشماليه'!BC6+'تبوك'!BC6+'الجوف'!BC6+'حائل'!BC6+'نجران'!BC6+'القصيم'!BC6+'الباحه'!BC6+'عسير'!BC6+'جازان'!BC6+'جده'!BC6+'الطائف'!BC6+'العاصمه'!BD6+'القريات'!BC6 -> 499 | BD7: ='الرياض'!BD6+'المدينه المنوره'!BD6+'الشرقيه'!BD6+'الحدود الشماليه'!BD6+'تبوك'!BD6+'الجوف'!BD6+'حائل'!BD6+'نجران'!BD6+'القصيم'!BD6+'الباحه'!BD6+'عسير'!BD6+'جازان'!BD6+'جده'!BD6+'الطائف'!BD6+'العاصمه'!BE6+'القريات'!BD6 -> 94 | BE7: ='الرياض'!BE6+'المدينه المنوره'!BE6+'الشرقيه'!BE6+'الحدود الشماليه'!BE6+'تبوك'!BE6+'الجوف'!BE6+'حائل'!BE6+'نجران'!BE6+'القصيم'!BE6+'الباحه'!BE6+'عسير'!BE6+'جازان'!BE6+'جده'!BE6+'الطائف'!BE6+'العاصمه'!BF6+'القريات'!BE6 -> 131 | BF7: ='الرياض'!BF6+'المدينه المنوره'!BF6+'الشرقيه'!BF6+'الحدود الشماليه'!BF6+'تبوك'!BF6+'الجوف'!BF6+'حائل'!BF6+'نجران'!BF6+'القصيم'!BF6+'الباحه'!BF6+'عسير'!BF6+'جازان'!BF6+'جده'!BF6+'الطائف'!BF6+'العاصمه'!BG6+'القريات'!BF6 -> 1907 | BG7: ='الرياض'!BG6+'المدينه المنوره'!BG6+'الشرقيه'!BG6+'الحدود الشماليه'!BG6+'تبوك'!BG6+'الجوف'!BG6+'حائل'!BG6+'نجران'!BG6+'القصيم'!BG6+'الباحه'!BG6+'عسير'!BG6+'جازان'!BG6+'جده'!BG6+'الطائف'!BG6+'العاصمه'!BH6+'القريات'!BG6 -> 2192 | BH7: ='الرياض'!BH6+'المدينه المنوره'!BH6+'الشرقيه'!BH6+'الحدود الشماليه'!BH6+'تبوك'!BH6+'الجوف'!BH6+'حائل'!BH6+'نجران'!BH6+'القصيم'!BH6+'الباحه'!BH6+'عسير'!BH6+'جازان'!BH6+'جده'!BH6+'الطائف'!BH6+'العاصمه'!BI6+'القريات'!BH6 -> 2609 | BI7: =SUM(BA7:BH7) -> 47936 | BJ7: ='الرياض'!BJ6+'المدينه المنوره'!BJ6+'الشرقيه'!BJ6+'الحدود الشماليه'!BJ6+'تبوك'!BJ6+'الجوف'!BJ6+'حائل'!BJ6+'نجران'!BJ6+'القصيم'!BJ6+'الباحه'!BJ6+'عسير'!BJ6+'جازان'!BJ6+'جده'!BJ6+'الطائف'!BJ6+'العاصمه'!BK6+'القريات'!BJ6 -> 6738 | BK7: ='الرياض'!BK6+'المدينه المنوره'!BK6+'الشرقيه'!BK6+'الحدود الشماليه'!BK6+'تبوك'!BK6+'الجوف'!BK6+'حائل'!BK6+'نجران'!BK6+'القصيم'!BK6+'الباحه'!BK6+'عسير'!BK6+'جازان'!BK6+'جده'!BK6+'الطائف'!BK6+'العاصمه'!BL6+'القريات'!BK6 -> 5939 | BL7: ='الرياض'!BL6+'المدينه المنوره'!BL6+'الشرقيه'!BL6+'الحدود الشماليه'!BL6+'تبوك'!BL6+'الجوف'!BL6+'حائل'!BL6+'نجران'!BL6+'القصيم'!BL6+'الباحه'!BL6+'عسير'!BL6+'جازان'!BL6+'جده'!BL6+'الطائف'!BL6+'العاصمه'!BM6+'القريات'!BL6 -> 6028 | BM7: ='الرياض'!BM6+'المدينه المنوره'!BM6+'الشرقيه'!BM6+'الحدود الشماليه'!BM6+'تبوك'!BM6+'الجوف'!BM6+'حائل'!BM6+'نجران'!BM6+'القصيم'!BM6+'الباحه'!BM6+'عسير'!BM6+'جازان'!BM6+'جده'!BM6+'الطائف'!BM6+'العاصمه'!BN6+'القريات'!BM6 -> 4476 | BN7: ='الرياض'!BN6+'المدينه المنوره'!BN6+'الشرقيه'!BN6+'الحدود الشماليه'!BN6+'تبوك'!BN6+'الجوف'!BN6+'حائل'!BN6+'نجران'!BN6+'القصيم'!BN6+'الباحه'!BN6+'عسير'!BN6+'جازان'!BN6+'جده'!BN6+'الطائف'!BN6+'العاصمه'!BO6+'القريات'!BN6 -> 11277 | BO7: ='الرياض'!BO6+'المدينه المنوره'!BO6+'الشرقيه'!BO6+'الحدود الشماليه'!BO6+'تبوك'!BO6+'الجوف'!BO6+'حائل'!BO6+'نجران'!BO6+'القصيم'!BO6+'الباحه'!BO6+'عسير'!BO6+'جازان'!BO6+'جده'!BO6+'الطائف'!BO6+'العاصمه'!BP6+'القريات'!BO6 -> 0 | BP7: ='الرياض'!BP6+'المدينه المنوره'!BP6+'الشرقيه'!BP6+'الحدود الشماليه'!BP6+'تبوك'!BP6+'الجوف'!BP6+'حائل'!BP6+'نجران'!BP6+'القصيم'!BP6+'الباحه'!BP6+'عسير'!BP6+'جازان'!BP6+'جده'!BP6+'الطائف'!BP6+'العاصمه'!BQ6+'القريات'!BP6 -> 13478 | BQ7: =SUM(BJ7:BP7) -> 47936 | BR7: ='الرياض'!BR6+'المدينه المنوره'!BR6+'الشرقيه'!BR6+'الحدود الشماليه'!BR6+'تبوك'!BR6+'الجوف'!BR6+'حائل'!BR6+'نجران'!BR6+'القصيم'!BR6+'الباحه'!BR6+'عسير'!BR6+'جازان'!BR6+'جده'!BR6+'الطائف'!BR6+'العاصمه'!BS6+'القريات'!BR6 -> 3122 | BS7: ='الرياض'!BS6+'المدينه المنوره'!BS6+'الشرقيه'!BS6+'الحدود الشماليه'!BS6+'تبوك'!BS6+'الجوف'!BS6+'حائل'!BS6+'نجران'!BS6+'القصيم'!BS6+'الباحه'!BS6+'عسير'!BS6+'جازان'!BS6+'جده'!BS6+'الطائف'!BS6+'العاصمه'!BT6+'القريات'!BS6 -> 691 | BT7: ='الرياض'!BT6+'المدينه المنوره'!BT6+'الشرقيه'!BT6+'الحدود الشماليه'!BT6+'تبوك'!BT6+'الجوف'!BT6+'حائل'!BT6+'نجران'!BT6+'القصيم'!BT6+'الباحه'!BT6+'عسير'!BT6+'جازان'!BT6+'جده'!BT6+'الطائف'!BT6+'العاصمه'!BU6+'القريات'!BT6 -> 80332 | BU7: =SUM(BR7:BT7) -> 84145
A8: جمادى ثانى | B8: ='الرياض'!B7+'المدينه المنوره'!B7+'الشرقيه'!B7+'الحدود الشماليه'!B7+'تبوك'!B7+'الجوف'!B7+'حائل'!B7+'نجران'!B7+'القصيم'!B7+'الباحه'!B7+'عسير'!B7+'جازان'!B7+'جده'!B7+'الطائف'!B7+'العاصمه'!C7+'القريات'!B7 -> 42913 | C8: ='الرياض'!C7+'المدينه المنوره'!C7+'الشرقيه'!C7+'الحدود الشماليه'!C7+'تبوك'!C7+'الجوف'!C7+'حائل'!C7+'نجران'!C7+'القصيم'!C7+'الباحه'!C7+'عسير'!C7+'جازان'!C7+'جده'!C7+'الطائف'!C7+'العاصمه'!D7+'القريات'!C7 -> 1872 | D8: ='الرياض'!D7+'المدينه المنوره'!D7+'الشرقيه'!D7+'الحدود الشماليه'!D7+'تبوك'!D7+'الجوف'!D7+'حائل'!D7+'نجران'!D7+'القصيم'!D7+'الباحه'!D7+'عسير'!D7+'جازان'!D7+'جده'!D7+'الطائف'!D7+'العاصمه'!E7+'القريات'!D7 -> 591 | E8: =SUM(B8:D8) -> 45376 | F8: ='الرياض'!F7+'المدينه المنوره'!F7+'الشرقيه'!F7+'الحدود الشماليه'!F7+'تبوك'!F7+'الجوف'!F7+'حائل'!F7+'نجران'!F7+'القصيم'!F7+'الباحه'!F7+'عسير'!F7+'جازان'!F7+'جده'!F7+'الطائف'!F7+'العاصمه'!G7+'القريات'!F7 -> 6239 | G8: ='الرياض'!G7+'المدينه المنوره'!G7+'الشرقيه'!G7+'الحدود الشماليه'!G7+'تبوك'!G7+'الجوف'!G7+'حائل'!G7+'نجران'!G7+'القصيم'!G7+'الباحه'!G7+'عسير'!G7+'جازان'!G7+'جده'!G7+'الطائف'!G7+'العاصمه'!H7+'القريات'!G7 -> 6701 | H8: ='الرياض'!H7+'المدينه المنوره'!H7+'الشرقيه'!H7+'الحدود الشماليه'!H7+'تبوك'!H7+'الجوف'!H7+'حائل'!H7+'نجران'!H7+'القصيم'!H7+'الباحه'!H7+'عسير'!H7+'جازان'!H7+'جده'!H7+'الطائف'!H7+'العاصمه'!I7+'القريات'!H7 -> 6537 | I8: ='الرياض'!I7+'المدينه المنوره'!I7+'الشرقيه'!I7+'الحدود الشماليه'!I7+'تبوك'!I7+'الجوف'!I7+'حائل'!I7+'نجران'!I7+'القصيم'!I7+'الباحه'!I7+'عسير'!I7+'جازان'!I7+'جده'!I7+'الطائف'!I7+'العاصمه'!J7+'القريات'!I7 -> 6527 | J8: ='الرياض'!J7+'المدينه المنوره'!J7+'الشرقيه'!J7+'الحدود الشماليه'!J7+'تبوك'!J7+'الجوف'!J7+'حائل'!J7+'نجران'!J7+'القصيم'!J7+'الباحه'!J7+'عسير'!J7+'جازان'!J7+'جده'!J7+'الطائف'!J7+'العاصمه'!K7+'القريات'!J7 -> 6497 | K8: ='الرياض'!K7+'المدينه المنوره'!K7+'الشرقيه'!K7+'الحدود الشماليه'!K7+'تبوك'!K7+'الجوف'!K7+'حائل'!K7+'نجران'!K7+'القصيم'!K7+'الباحه'!K7+'عسير'!K7+'جازان'!K7+'جده'!K7+'الطائف'!K7+'العاصمه'!L7+'القريات'!K7 -> 6611 | L8: ='الرياض'!L7+'المدينه المنوره'!L7+'الشرقيه'!L7+'الحدود الشماليه'!L7+'تبوك'!L7+'الجوف'!L7+'حائل'!L7+'نجران'!L7+'القصيم'!L7+'الباحه'!L7+'عسير'!L7+'جازان'!L7+'جده'!L7+'الطائف'!L7+'العاصمه'!M7+'القريات'!L7 -> 6264 | M8: =SUM(F8:L8) -> 45376 | N8: ='الرياض'!N7+'المدينه المنوره'!N7+'الشرقيه'!N7+'الحدود الشماليه'!N7+'تبوك'!N7+'الجوف'!N7+'حائل'!N7+'نجران'!N7+'القصيم'!N7+'الباحه'!N7+'عسير'!N7+'جازان'!N7+'جده'!N7+'الطائف'!N7+'العاصمه'!O7+'القريات'!N7 -> 28026 | O8: ='الرياض'!O7+'المدينه المنوره'!O7+'الشرقيه'!O7+'الحدود الشماليه'!O7+'تبوك'!O7+'الجوف'!O7+'حائل'!O7+'نجران'!O7+'القصيم'!O7+'الباحه'!O7+'عسير'!O7+'جازان'!O7+'جده'!O7+'الطائف'!O7+'العاصمه'!P7+'القريات'!O7 -> 17350 | P8: =SUM(N8:O8) -> 45376 | Q8: ='الرياض'!Q7+'المدينه المنوره'!Q7+'الشرقيه'!Q7+'الحدود الشماليه'!Q7+'تبوك'!Q7+'الجوف'!Q7+'حائل'!Q7+'نجران'!Q7+'القصيم'!Q7+'الباحه'!Q7+'عسير'!Q7+'جازان'!Q7+'جده'!Q7+'الطائف'!Q7+'العاصمه'!R7+'القريات'!Q7 -> 33751 | R8: ='الرياض'!R7+'المدينه المنوره'!R7+'الشرقيه'!R7+'الحدود الشماليه'!R7+'تبوك'!R7+'الجوف'!R7+'حائل'!R7+'نجران'!R7+'القصيم'!R7+'الباحه'!R7+'عسير'!R7+'جازان'!R7+'جده'!R7+'الطائف'!R7+'العاصمه'!S7+'القريات'!R7 -> 11625 | S8: =SUM(Q8:R8) -> 45376 | T8: ='الرياض'!T7+'المدينه المنوره'!T7+'الشرقيه'!T7+'الحدود الشماليه'!T7+'تبوك'!T7+'الجوف'!T7+'حائل'!T7+'نجران'!T7+'القصيم'!T7+'الباحه'!T7+'عسير'!T7+'جازان'!T7+'جده'!T7+'الطائف'!T7+'العاصمه'!U7+'القريات'!T7 -> 39768 | U8: ='الرياض'!U7+'المدينه المنوره'!U7+'الشرقيه'!U7+'الحدود الشماليه'!U7+'تبوك'!U7+'الجوف'!U7+'حائل'!U7+'نجران'!U7+'القصيم'!U7+'الباحه'!U7+'عسير'!U7+'جازان'!U7+'جده'!U7+'الطائف'!U7+'العاصمه'!V7+'القريات'!U7 -> 11171 | V8: ='الرياض'!V7+'المدينه المنوره'!V7+'الشرقيه'!V7+'الحدود الشماليه'!V7+'تبوك'!V7+'الجوف'!V7+'حائل'!V7+'نجران'!V7+'القصيم'!V7+'الباحه'!V7+'عسير'!V7+'جازان'!V7+'جده'!V7+'الطائف'!V7+'العاصمه'!W7+'القريات'!V7 -> 1263 | W8: ='الرياض'!W7+'المدينه المنوره'!W7+'الشرقيه'!W7+'الحدود الشماليه'!W7+'تبوك'!W7+'الجوف'!W7+'حائل'!W7+'نجران'!W7+'القصيم'!W7+'الباحه'!W7+'عسير'!W7+'جازان'!W7+'جده'!W7+'الطائف'!W7+'العاصمه'!X7+'القريات'!W7 -> 32793 | X8: ='الرياض'!X7+'المدينه المنوره'!X7+'الشرقيه'!X7+'الحدود الشماليه'!X7+'تبوك'!X7+'الجوف'!X7+'حائل'!X7+'نجران'!X7+'القصيم'!X7+'الباحه'!X7+'عسير'!X7+'جازان'!X7+'جده'!X7+'الطائف'!X7+'العاصمه'!Y7+'القريات'!X7 -> 7138 | Y8: ='الرياض'!Y7+'المدينه المنوره'!Y7+'الشرقيه'!Y7+'الحدود الشماليه'!Y7+'تبوك'!Y7+'الجوف'!Y7+'حائل'!Y7+'نجران'!Y7+'القصيم'!Y7+'الباحه'!Y7+'عسير'!Y7+'جازان'!Y7+'جده'!Y7+'الطائف'!Y7+'العاصمه'!Z7+'القريات'!Y7 -> 549 | Z8: ='الرياض'!Z7+'المدينه المنوره'!Z7+'الشرقيه'!Z7+'الحدود الشماليه'!Z7+'تبوك'!Z7+'الجوف'!Z7+'حائل'!Z7+'نجران'!Z7+'القصيم'!Z7+'الباحه'!Z7+'عسير'!Z7+'جازان'!Z7+'جده'!Z7+'الطائف'!Z7+'العاصمه'!AA7+'القريات'!Z7 -> 6082 | AA8: =SUM(T8:Z8) -> 98764 | AB8: ='الرياض'!AB7+'المدينه المنوره'!AB7+'الشرقيه'!AB7+'الحدود الشماليه'!AB7+'تبوك'!AB7+'الجوف'!AB7+'حائل'!AB7+'نجران'!AB7+'القصيم'!AB7+'الباحه'!AB7+'عسير'!AB7+'جازان'!AB7+'جده'!AB7+'الطائف'!AB7+'العاصمه'!AC7+'القريات'!AB7 -> 11449 | AC8: ='الرياض'!AC7+'المدينه المنوره'!AC7+'الشرقيه'!AC7+'الحدود الشماليه'!AC7+'تبوك'!AC7+'الجوف'!AC7+'حائل'!AC7+'نجران'!AC7+'القصيم'!AC7+'الباحه'!AC7+'عسير'!AC7+'جازان'!AC7+'جده'!AC7+'الطائف'!AC7+'العاصمه'!AD7+'القريات'!AC7 -> 31271 | AD8: ='الرياض'!AD7+'المدينه المنوره'!AD7+'الشرقيه'!AD7+'الحدود الشماليه'!AD7+'تبوك'!AD7+'الجوف'!AD7+'حائل'!AD7+'نجران'!AD7+'القصيم'!AD7+'الباحه'!AD7+'عسير'!AD7+'جازان'!AD7+'جده'!AD7+'الطائف'!AD7+'العاصمه'!AE7+'القريات'!AD7 -> 23088 | AE8: ='الرياض'!AE7+'المدينه المنوره'!AE7+'الشرقيه'!AE7+'الحدود الشماليه'!AE7+'تبوك'!AE7+'الجوف'!AE7+'حائل'!AE7+'نجران'!AE7+'القصيم'!AE7+'الباحه'!AE7+'عسير'!AE7+'جازان'!AE7+'جده'!AE7+'الطائف'!AE7+'العاصمه'!AF7+'القريات'!AE7 -> 12408 | AF8: ='الرياض'!AF7+'المدينه المنوره'!AF7+'الشرقيه'!AF7+'الحدود الشماليه'!AF7+'تبوك'!AF7+'الجوف'!AF7+'حائل'!AF7+'نجران'!AF7+'القصيم'!AF7+'الباحه'!AF7+'عسير'!AF7+'جازان'!AF7+'جده'!AF7+'الطائف'!AF7+'العاصمه'!AG7+'القريات'!AF7 -> 5094 | AG8: =SUM(AB8:AF8) -> 83310 | AH8: ='الرياض'!AH7+'المدينه المنوره'!AH7+'الشرقيه'!AH7+'الحدود الشماليه'!AH7+'تبوك'!AH7+'الجوف'!AH7+'حائل'!AH7+'نجران'!AH7+'القصيم'!AH7+'الباحه'!AH7+'عسير'!AH7+'جازان'!AH7+'جده'!AH7+'الطائف'!AH7+'العاصمه'!AI7+'القريات'!AH7 -> 47925 | AI8: ='الرياض'!AI7+'المدينه المنوره'!AI7+'الشرقيه'!AI7+'الحدود الشماليه'!AI7+'تبوك'!AI7+'الجوف'!AI7+'حائل'!AI7+'نجران'!AI7+'القصيم'!AI7+'الباحه'!AI7+'عسير'!AI7+'جازان'!AI7+'جده'!AI7+'الطائف'!AI7+'العاصمه'!AJ7+'القريات'!AI7 -> 35385 | AJ8: =SUM(AH8:AI8) -> 83310 | AK8: ='الرياض'!AK7+'المدينه المنوره'!AK7+'الشرقيه'!AK7+'الحدود الشماليه'!AK7+'تبوك'!AK7+'الجوف'!AK7+'حائل'!AK7+'نجران'!AK7+'القصيم'!AK7+'الباحه'!AK7+'عسير'!AK7+'جازان'!AK7+'جده'!AK7+'الطائف'!AK7+'العاصمه'!AL7+'القريات'!AK7 -> 49047 | AL8: ='الرياض'!AL7+'المدينه المنوره'!AL7+'الشرقيه'!AL7+'الحدود الشماليه'!AL7+'تبوك'!AL7+'الجوف'!AL7+'حائل'!AL7+'نجران'!AL7+'القصيم'!AL7+'الباحه'!AL7+'عسير'!AL7+'جازان'!AL7+'جده'!AL7+'الطائف'!AL7+'العاصمه'!AM7+'القريات'!AL7 -> 34263 | AM8: =SUM(AK8:AL8) -> 83310 | AN8: ='الرياض'!AN7+'المدينه المنوره'!AN7+'الشرقيه'!AN7+'الحدود الشماليه'!AN7+'تبوك'!AN7+'الجوف'!AN7+'حائل'!AN7+'نجران'!AN7+'القصيم'!AN7+'الباحه'!AN7+'عسير'!AN7+'جازان'!AN7+'جده'!AN7+'الطائف'!AN7+'العاصمه'!AO7+'القريات'!AN7 -> 81284 | AO8: ='الرياض'!AO7+'المدينه المنوره'!AO7+'الشرقيه'!AO7+'الحدود الشماليه'!AO7+'تبوك'!AO7+'الجوف'!AO7+'حائل'!AO7+'نجران'!AO7+'القصيم'!AO7+'الباحه'!AO7+'عسير'!AO7+'جازان'!AO7+'جده'!AO7+'الطائف'!AO7+'العاصمه'!AP7+'القريات'!AO7 -> 2026 | AP8: =SUM(AN8:AO8) -> 83310 | AQ8: ='الرياض'!AQ7+'المدينه المنوره'!AQ7+'الشرقيه'!AQ7+'الحدود الشماليه'!AQ7+'تبوك'!AQ7+'الجوف'!AQ7+'حائل'!AQ7+'نجران'!AQ7+'القصيم'!AQ7+'الباحه'!AQ7+'عسير'!AQ7+'جازان'!AQ7+'جده'!AQ7+'الطائف'!AQ7+'العاصمه'!AR7+'القريات'!AQ7 -> 55115 | AR8: ='الرياض'!AR7+'المدينه المنوره'!AR7+'الشرقيه'!AR7+'الحدود الشماليه'!AR7+'تبوك'!AR7+'الجوف'!AR7+'حائل'!AR7+'نجران'!AR7+'القصيم'!AR7+'الباحه'!AR7+'عسير'!AR7+'جازان'!AR7+'جده'!AR7+'الطائف'!AR7+'العاصمه'!AS7+'القريات'!AR7 -> 17249 | AS8: ='الرياض'!AS7+'المدينه المنوره'!AS7+'الشرقيه'!AS7+'الحدود الشماليه'!AS7+'تبوك'!AS7+'الجوف'!AS7+'حائل'!AS7+'نجران'!AS7+'القصيم'!AS7+'الباحه'!AS7+'عسير'!AS7+'جازان'!AS7+'جده'!AS7+'الطائف'!AS7+'العاصمه'!AT7+'القريات'!AS7 -> 125 | AT8: ='الرياض'!AT7+'المدينه المنوره'!AT7+'الشرقيه'!AT7+'الحدود الشماليه'!AT7+'تبوك'!AT7+'الجوف'!AT7+'حائل'!AT7+'نجران'!AT7+'القصيم'!AT7+'الباحه'!AT7+'عسير'!AT7+'جازان'!AT7+'جده'!AT7+'الطائف'!AT7+'العاصمه'!AU7+'القريات'!AT7 -> 135 | AU8: ='الرياض'!AU7+'المدينه المنوره'!AU7+'الشرقيه'!AU7+'الحدود الشماليه'!AU7+'تبوك'!AU7+'الجوف'!AU7+'حائل'!AU7+'نجران'!AU7+'القصيم'!AU7+'الباحه'!AU7+'عسير'!AU7+'جازان'!AU7+'جده'!AU7+'الطائف'!AU7+'العاصمه'!AV7+'القريات'!AU7 -> 10686 | AV8: =SUM(AQ8:AU8) -> 83310 | AW8: =AU8 -> 10686 | AX8: ='الرياض'!AX7+'المدينه المنوره'!AX7+'الشرقيه'!AX7+'الحدود الشماليه'!AX7+'تبوك'!AX7+'الجوف'!AX7+'حائل'!AX7+'نجران'!AX7+'القصيم'!AX7+'الباحه'!AX7+'عسير'!AX7+'جازان'!AX7+'جده'!AX7+'الطائف'!AX7+'العاصمه'!AY7+'القريات'!AX7 -> 62127 | AY8: ='الرياض'!AY7+'المدينه المنوره'!AY7+'الشرقيه'!AY7+'الحدود الشماليه'!AY7+'تبوك'!AY7+'الجوف'!AY7+'حائل'!AY7+'نجران'!AY7+'القصيم'!AY7+'الباحه'!AY7+'عسير'!AY7+'جازان'!AY7+'جده'!AY7+'الطائف'!AY7+'العاصمه'!AZ7+'القريات'!AY7 -> 10497 | AZ8: =SUM(AW8:AY8) -> 83310 | BA8: ='الرياض'!BA7+'المدينه المنوره'!BA7+'الشرقيه'!BA7+'الحدود الشماليه'!BA7+'تبوك'!BA7+'الجوف'!BA7+'حائل'!BA7+'نجران'!BA7+'القصيم'!BA7+'الباحه'!BA7+'عسير'!BA7+'جازان'!BA7+'جده'!BA7+'الطائف'!BA7+'العاصمه'!BB7+'القريات'!BA7 -> 32620 | BB8: ='الرياض'!BB7+'المدينه المنوره'!BB7+'الشرقيه'!BB7+'الحدود الشماليه'!BB7+'تبوك'!BB7+'الجوف'!BB7+'حائل'!BB7+'نجران'!BB7+'القصيم'!BB7+'الباحه'!BB7+'عسير'!BB7+'جازان'!BB7+'جده'!BB7+'الطائف'!BB7+'العاصمه'!BC7+'القريات'!$BB7 -> 6102 | BC8: ='الرياض'!BC7+'المدينه المنوره'!BC7+'الشرقيه'!BC7+'الحدود الشماليه'!BC7+'تبوك'!BC7+'الجوف'!BC7+'حائل'!BC7+'نجران'!BC7+'القصيم'!BC7+'الباحه'!BC7+'عسير'!BC7+'جازان'!BC7+'جده'!BC7+'الطائف'!BC7+'العاصمه'!BD7+'القريات'!BC7 -> 760 | BD8: ='الرياض'!BD7+'المدينه المنوره'!BD7+'الشرقيه'!BD7+'الحدود الشماليه'!BD7+'تبوك'!BD7+'الجوف'!BD7+'حائل'!BD7+'نجران'!BD7+'القصيم'!BD7+'الباحه'!BD7+'عسير'!BD7+'جازان'!BD7+'جده'!BD7+'الطائف'!BD7+'العاصمه'!BE7+'القريات'!BD7 -> 70 | BE8: ='الرياض'!BE7+'المدينه المنوره'!BE7+'الشرقيه'!BE7+'الحدود الشماليه'!BE7+'تبوك'!BE7+'الجوف'!BE7+'حائل'!BE7+'نجران'!BE7+'القصيم'!BE7+'الباحه'!BE7+'عسير'!BE7+'جازان'!BE7+'جده'!BE7+'الطائف'!BE7+'العاصمه'!BF7+'القريات'!BE7 -> 69 | BF8: ='الرياض'!BF7+'المدينه المنوره'!BF7+'الشرقيه'!BF7+'الحدود الشماليه'!BF7+'تبوك'!BF7+'الجوف'!BF7+'حائل'!BF7+'نجران'!BF7+'القصيم'!BF7+'الباحه'!BF7+'عسير'!BF7+'جازان'!BF7+'جده'!BF7+'الطائف'!BF7+'العاصمه'!BG7+'القريات'!BF7 -> 1787 | BG8: ='الرياض'!BG7+'المدينه المنوره'!BG7+'الشرقيه'!BG7+'الحدود الشماليه'!BG7+'تبوك'!BG7+'الجوف'!BG7+'حائل'!BG7+'نجران'!BG7+'القصيم'!BG7+'الباحه'!BG7+'عسير'!BG7+'جازان'!BG7+'جده'!BG7+'الطائف'!BG7+'العاصمه'!BH7+'القريات'!BG7 -> 2228 | BH8: ='الرياض'!BH7+'المدينه المنوره'!BH7+'الشرقيه'!BH7+'الحدود الشماليه'!BH7+'تبوك'!BH7+'الجوف'!BH7+'حائل'!BH7+'نجران'!BH7+'القصيم'!BH7+'الباحه'!BH7+'عسير'!BH7+'جازان'!BH7+'جده'!BH7+'الطائف'!BH7+'العاصمه'!BI7+'القريات'!BH7 -> 1740 | BI8: =SUM(BA8:BH8) -> 45376 | BJ8: ='الرياض'!BJ7+'المدينه المنوره'!BJ7+'الشرقيه'!BJ7+'الحدود الشماليه'!BJ7+'تبوك'!BJ7+'الجوف'!BJ7+'حائل'!BJ7+'نجران'!BJ7+'القصيم'!BJ7+'الباحه'!BJ7+'عسير'!BJ7+'جازان'!BJ7+'جده'!BJ7+'الطائف'!BJ7+'العاصمه'!BK7+'القريات'!BJ7 -> 3808 | BK8: ='الرياض'!BK7+'المدينه المنوره'!BK7+'الشرقيه'!BK7+'الحدود الشماليه'!BK7+'تبوك'!BK7+'الجوف'!BK7+'حائل'!BK7+'نجران'!BK7+'القصيم'!BK7+'الباحه'!BK7+'عسير'!BK7+'جازان'!BK7+'جده'!BK7+'الطائف'!BK7+'العاصمه'!BL7+'القريات'!BK7 -> 4160 | BL8: ='الرياض'!BL7+'المدينه المنوره'!BL7+'الشرقيه'!BL7+'الحدود الشماليه'!BL7+'تبوك'!BL7+'الجوف'!BL7+'حائل'!BL7+'نجران'!BL7+'القصيم'!BL7+'الباحه'!BL7+'عسير'!BL7+'جازان'!BL7+'جده'!BL7+'الطائف'!BL7+'العاصمه'!BM7+'القريات'!BL7 -> 4554 | BM8: ='الرياض'!BM7+'المدينه المنوره'!BM7+'الشرقيه'!BM7+'الحدود الشماليه'!BM7+'تبوك'!BM7+'الجوف'!BM7+'حائل'!BM7+'نجران'!BM7+'القصيم'!BM7+'الباحه'!BM7+'عسير'!BM7+'جازان'!BM7+'جده'!BM7+'الطائف'!BM7+'العاصمه'!BN7+'القريات'!BM7 -> 5024 | BN8: ='الرياض'!BN7+'المدينه المنوره'!BN7+'الشرقيه'!BN7+'الحدود الشماليه'!BN7+'تبوك'!BN7+'الجوف'!BN7+'حائل'!BN7+'نجران'!BN7+'القصيم'!BN7+'الباحه'!BN7+'عسير'!BN7+'جازان'!BN7+'جده'!BN7+'الطائف'!BN7+'العاصمه'!BO7+'القريات'!BN7 -> 10039 | BO8: ='الرياض'!BO7+'المدينه المنوره'!BO7+'الشرقيه'!BO7+'الحدود الشماليه'!BO7+'تبوك'!BO7+'الجوف'!BO7+'حائل'!BO7+'نجران'!BO7+'القصيم'!BO7+'الباحه'!BO7+'عسير'!BO7+'جازان'!BO7+'جده'!BO7+'الطائف'!BO7+'العاصمه'!BP7+'القريات'!BO7 -> 18 | BP8: ='الرياض'!BP7+'المدينه المنوره'!BP7+'الشرقيه'!BP7+'الحدود الشماليه'!BP7+'تبوك'!BP7+'الجوف'!BP7+'حائل'!BP7+'نجران'!BP7+'القصيم'!BP7+'الباحه'!BP7+'عسير'!BP7+'جازان'!BP7+'جده'!BP7+'الطائف'!BP7+'العاصمه'!BQ7+'القريات'!BP7 -> 17773 | BQ8: =SUM(BJ8:BP8) -> 45376 | BR8: ='الرياض'!BR7+'المدينه المنوره'!BR7+'الشرقيه'!BR7+'الحدود الشماليه'!BR7+'تبوك'!BR7+'الجوف'!BR7+'حائل'!BR7+'نجران'!BR7+'القصيم'!BR7+'الباحه'!BR7+'عسير'!BR7+'جازان'!BR7+'جده'!BR7+'الطائف'!BR7+'العاصمه'!BS7+'القريات'!BR7 -> 3137 | BS8: ='الرياض'!BS7+'المدينه المنوره'!BS7+'الشرقيه'!BS7+'الحدود الشماليه'!BS7+'تبوك'!BS7+'الجوف'!BS7+'حائل'!BS7+'نجران'!BS7+'القصيم'!BS7+'الباحه'!BS7+'عسير'!BS7+'جازان'!BS7+'جده'!BS7+'الطائف'!BS7+'العاصمه'!BT7+'القريات'!BS7 -> 787 | BT8: ='الرياض'!BT7+'المدينه المنوره'!BT7+'الشرقيه'!BT7+'الحدود الشماليه'!BT7+'تبوك'!BT7+'الجوف'!BT7+'حائل'!BT7+'نجران'!BT7+'القصيم'!BT7+'الباحه'!BT7+'عسير'!BT7+'جازان'!BT7+'جده'!BT7+'الطائف'!BT7+'العاصمه'!BU7+'القريات'!BT7 -> 90865 | BU8: =SUM(BR8:BT8) -> 94789
A9: رجب | B9: ='الرياض'!B8+'المدينه المنوره'!B8+'الشرقيه'!B8+'الحدود الشماليه'!B8+'تبوك'!B8+'الجوف'!B8+'حائل'!B8+'نجران'!B8+'القصيم'!B8+'الباحه'!B8+'عسير'!B8+'جازان'!B8+'جده'!B8+'الطائف'!B8+'العاصمه'!C8+'القريات'!B8 -> 43786 | C9: ='الرياض'!C8+'المدينه المنوره'!C8+'الشرقيه'!C8+'الحدود الشماليه'!C8+'تبوك'!C8+'الجوف'!C8+'حائل'!C8+'نجران'!C8+'القصيم'!C8+'الباحه'!C8+'عسير'!C8+'جازان'!C8+'جده'!C8+'الطائف'!C8+'العاصمه'!D8+'القريات'!C8 -> 1866 | D9: ='الرياض'!D8+'المدينه المنوره'!D8+'الشرقيه'!D8+'الحدود الشماليه'!D8+'تبوك'!D8+'الجوف'!D8+'حائل'!D8+'نجران'!D8+'القصيم'!D8+'الباحه'!D8+'عسير'!D8+'جازان'!D8+'جده'!D8+'الطائف'!D8+'العاصمه'!E8+'القريات'!D8 -> 580 | E9: =SUM(B9:D9) -> 46232 | F9: ='الرياض'!F8+'المدينه المنوره'!F8+'الشرقيه'!F8+'الحدود الشماليه'!F8+'تبوك'!F8+'الجوف'!F8+'حائل'!F8+'نجران'!F8+'القصيم'!F8+'الباحه'!F8+'عسير'!F8+'جازان'!F8+'جده'!F8+'الطائف'!F8+'العاصمه'!G8+'القريات'!F8 -> 6595 | G9: ='الرياض'!G8+'المدينه المنوره'!G8+'الشرقيه'!G8+'الحدود الشماليه'!G8+'تبوك'!G8+'الجوف'!G8+'حائل'!G8+'نجران'!G8+'القصيم'!G8+'الباحه'!G8+'عسير'!G8+'جازان'!G8+'جده'!G8+'الطائف'!G8+'العاصمه'!H8+'القريات'!G8 -> 6803 | H9: ='الرياض'!H8+'المدينه المنوره'!H8+'الشرقيه'!H8+'الحدود الشماليه'!H8+'تبوك'!H8+'الجوف'!H8+'حائل'!H8+'نجران'!H8+'القصيم'!H8+'الباحه'!H8+'عسير'!H8+'جازان'!H8+'جده'!H8+'الطائف'!H8+'العاصمه'!I8+'القريات'!H8 -> 6327 | I9: ='الرياض'!I8+'المدينه المنوره'!I8+'الشرقيه'!I8+'الحدود الشماليه'!I8+'تبوك'!I8+'الجوف'!I8+'حائل'!I8+'نجران'!I8+'القصيم'!I8+'الباحه'!I8+'عسير'!I8+'جازان'!I8+'جده'!I8+'الطائف'!I8+'العاصمه'!J8+'القريات'!I8 -> 6341 | J9: ='الرياض'!J8+'المدينه المنوره'!J8+'الشرقيه'!J8+'الحدود الشماليه'!J8+'تبوك'!J8+'الجوف'!J8+'حائل'!J8+'نجران'!J8+'القصيم'!J8+'الباحه'!J8+'عسير'!J8+'جازان'!J8+'جده'!J8+'الطائف'!J8+'العاصمه'!K8+'القريات'!J8 -> 6452 | K9: ='الرياض'!K8+'المدينه المنوره'!K8+'الشرقيه'!K8+'الحدود الشماليه'!K8+'تبوك'!K8+'الجوف'!K8+'حائل'!K8+'نجران'!K8+'القصيم'!K8+'الباحه'!K8+'عسير'!K8+'جازان'!K8+'جده'!K8+'الطائف'!K8+'العاصمه'!L8+'القريات'!K8 -> 7212 | L9: ='الرياض'!L8+'المدينه المنوره'!L8+'الشرقيه'!L8+'الحدود الشماليه'!L8+'تبوك'!L8+'الجوف'!L8+'حائل'!L8+'نجران'!L8+'القصيم'!L8+'الباحه'!L8+'عسير'!L8+'جازان'!L8+'جده'!L8+'الطائف'!L8+'العاصمه'!M8+'القريات'!L8 -> 6502 | M9: =SUM(F9:L9) -> 46232 | N9: ='الرياض'!N8+'المدينه المنوره'!N8+'الشرقيه'!N8+'الحدود الشماليه'!N8+'تبوك'!N8+'الجوف'!N8+'حائل'!N8+'نجران'!N8+'القصيم'!N8+'الباحه'!N8+'عسير'!N8+'جازان'!N8+'جده'!N8+'الطائف'!N8+'العاصمه'!O8+'القريات'!N8 -> 26968 | O9: ='الرياض'!O8+'المدينه المنوره'!O8+'الشرقيه'!O8+'الحدود الشماليه'!O8+'تبوك'!O8+'الجوف'!O8+'حائل'!O8+'نجران'!O8+'القصيم'!O8+'الباحه'!O8+'عسير'!O8+'جازان'!O8+'جده'!O8+'الطائف'!O8+'العاصمه'!P8+'القريات'!O8 -> 19264 | P9: =SUM(N9:O9) -> 46232 | Q9: ='الرياض'!Q8+'المدينه المنوره'!Q8+'الشرقيه'!Q8+'الحدود الشماليه'!Q8+'تبوك'!Q8+'الجوف'!Q8+'حائل'!Q8+'نجران'!Q8+'القصيم'!Q8+'الباحه'!Q8+'عسير'!Q8+'جازان'!Q8+'جده'!Q8+'الطائف'!Q8+'العاصمه'!R8+'القريات'!Q8 -> 33613 | R9: ='الرياض'!R8+'المدينه المنوره'!R8+'الشرقيه'!R8+'الحدود الشماليه'!R8+'تبوك'!R8+'الجوف'!R8+'حائل'!R8+'نجران'!R8+'القصيم'!R8+'الباحه'!R8+'عسير'!R8+'جازان'!R8+'جده'!R8+'الطائف'!R8+'العاصمه'!S8+'القريات'!R8 -> 12619 | S9: =SUM(Q9:R9) -> 46232 | T9: ='الرياض'!T8+'المدينه المنوره'!T8+'الشرقيه'!T8+'الحدود الشماليه'!T8+'تبوك'!T8+'الجوف'!T8+'حائل'!T8+'نجران'!T8+'القصيم'!T8+'الباحه'!T8+'عسير'!T8+'جازان'!T8+'جده'!T8+'الطائف'!T8+'العاصمه'!U8+'القريات'!T8 -> 37778 | U9: ='الرياض'!U8+'المدينه المنوره'!U8+'الشرقيه'!U8+'الحدود الشماليه'!U8+'تبوك'!U8+'الجوف'!U8+'حائل'!U8+'نجران'!U8+'القصيم'!U8+'الباحه'!U8+'عسير'!U8+'جازان'!U8+'جده'!U8+'الطائف'!U8+'العاصمه'!V8+'القريات'!U8 -> 10131 | V9: ='الرياض'!V8+'المدينه المنوره'!V8+'الشرقيه'!V8+'الحدود الشماليه'!V8+'تبوك'!V8+'الجوف'!V8+'حائل'!V8+'نجران'!V8+'القصيم'!V8+'الباحه'!V8+'عسير'!V8+'جازان'!V8+'جده'!V8+'الطائف'!V8+'العاصمه'!W8+'القريات'!V8 -> 1357 | W9: ='الرياض'!W8+'المدينه المنوره'!W8+'الشرقيه'!W8+'الحدود الشماليه'!W8+'تبوك'!W8+'الجوف'!W8+'حائل'!W8+'نجران'!W8+'القصيم'!W8+'الباحه'!W8+'عسير'!W8+'جازان'!W8+'جده'!W8+'الطائف'!W8+'العاصمه'!X8+'القريات'!W8 -> 12847 | X9: ='الرياض'!X8+'المدينه المنوره'!X8+'الشرقيه'!X8+'الحدود الشماليه'!X8+'تبوك'!X8+'الجوف'!X8+'حائل'!X8+'نجران'!X8+'القصيم'!X8+'الباحه'!X8+'عسير'!X8+'جازان'!X8+'جده'!X8+'الطائف'!X8+'العاصمه'!Y8+'القريات'!X8 -> 4182 | Y9: ='الرياض'!Y8+'المدينه المنوره'!Y8+'الشرقيه'!Y8+'الحدود الشماليه'!Y8+'تبوك'!Y8+'الجوف'!Y8+'حائل'!Y8+'نجران'!Y8+'القصيم'!Y8+'الباحه'!Y8+'عسير'!Y8+'جازان'!Y8+'جده'!Y8+'الطائف'!Y8+'العاصمه'!Z8+'القريات'!Y8 -> 649 | Z9: ='الرياض'!Z8+'المدينه المنوره'!Z8+'الشرقيه'!Z8+'الحدود الشماليه'!Z8+'تبوك'!Z8+'الجوف'!Z8+'حائل'!Z8+'نجران'!Z8+'القصيم'!Z8+'الباحه'!Z8+'عسير'!Z8+'جازان'!Z8+'جده'!Z8+'الطائف'!Z8+'العاصمه'!AA8+'القريات'!Z8 -> 1981 | AA9: =SUM(T9:Z9) -> 68925 | AB9: ='الرياض'!AB8+'المدينه المنوره'!AB8+'الشرقيه'!AB8+'الحدود الشماليه'!AB8+'تبوك'!AB8+'الجوف'!AB8+'حائل'!AB8+'نجران'!AB8+'القصيم'!AB8+'الباحه'!AB8+'عسير'!AB8+'جازان'!AB8+'جده'!AB8+'الطائف'!AB8+'العاصمه'!AC8+'القريات'!AB8 -> 10469 | AC9: ='الرياض'!AC8+'المدينه المنوره'!AC8+'الشرقيه'!AC8+'الحدود الشماليه'!AC8+'تبوك'!AC8+'الجوف'!AC8+'حائل'!AC8+'نجران'!AC8+'القصيم'!AC8+'الباحه'!AC8+'عسير'!AC8+'جازان'!AC8+'جده'!AC8+'الطائف'!AC8+'العاصمه'!AD8+'القريات'!AC8 -> 30103 | AD9: ='الرياض'!AD8+'المدينه المنوره'!AD8+'الشرقيه'!AD8+'الحدود الشماليه'!AD8+'تبوك'!AD8+'الجوف'!AD8+'حائل'!AD8+'نجران'!AD8+'القصيم'!AD8+'الباحه'!AD8+'عسير'!AD8+'جازان'!AD8+'جده'!AD8+'الطائف'!AD8+'العاصمه'!AE8+'القريات'!AD8 -> 24406 | AE9: ='الرياض'!AE8+'المدينه المنوره'!AE8+'الشرقيه'!AE8+'الحدود الشماليه'!AE8+'تبوك'!AE8+'الجوف'!AE8+'حائل'!AE8+'نجران'!AE8+'القصيم'!AE8+'الباحه'!AE8+'عسير'!AE8+'جازان'!AE8+'جده'!AE8+'الطائف'!AE8+'العاصمه'!AF8+'القريات'!AE8 -> 11422 | AF9: ='الرياض'!AF8+'المدينه المنوره'!AF8+'الشرقيه'!AF8+'الحدود الشماليه'!AF8+'تبوك'!AF8+'الجوف'!AF8+'حائل'!AF8+'نجران'!AF8+'القصيم'!AF8+'الباحه'!AF8+'عسير'!AF8+'جازان'!AF8+'جده'!AF8+'الطائف'!AF8+'العاصمه'!AG8+'القريات'!AF8 -> 6053 | AG9: =SUM(AB9:AF9) -> 82453 | AH9: ='الرياض'!AH8+'المدينه المنوره'!AH8+'الشرقيه'!AH8+'الحدود الشماليه'!AH8+'تبوك'!AH8+'الجوف'!AH8+'حائل'!AH8+'نجران'!AH8+'القصيم'!AH8+'الباحه'!AH8+'عسير'!AH8+'جازان'!AH8+'جده'!AH8+'الطائف'!AH8+'العاصمه'!AI8+'القريات'!AH8 -> 48623 | AI9: ='الرياض'!AI8+'المدينه المنوره'!AI8+'الشرقيه'!AI8+'الحدود الشماليه'!AI8+'تبوك'!AI8+'الجوف'!AI8+'حائل'!AI8+'نجران'!AI8+'القصيم'!AI8+'الباحه'!AI8+'عسير'!AI8+'جازان'!AI8+'جده'!AI8+'الطائف'!AI8+'العاصمه'!AJ8+'القريات'!AI8 -> 33830 | AJ9: =SUM(AH9:AI9) -> 82453 | AK9: ='الرياض'!AK8+'المدينه المنوره'!AK8+'الشرقيه'!AK8+'الحدود الشماليه'!AK8+'تبوك'!AK8+'الجوف'!AK8+'حائل'!AK8+'نجران'!AK8+'القصيم'!AK8+'الباحه'!AK8+'عسير'!AK8+'جازان'!AK8+'جده'!AK8+'الطائف'!AK8+'العاصمه'!AL8+'القريات'!AK8 -> 47411 | AL9: ='الرياض'!AL8+'المدينه المنوره'!AL8+'الشرقيه'!AL8+'الحدود الشماليه'!AL8+'تبوك'!AL8+'الجوف'!AL8+'حائل'!AL8+'نجران'!AL8+'القصيم'!AL8+'الباحه'!AL8+'عسير'!AL8+'جازان'!AL8+'جده'!AL8+'الطائف'!AL8+'العاصمه'!AM8+'القريات'!AL8 -> 35042 | AM9: =SUM(AK9:AL9) -> 82453 | AN9: ='الرياض'!AN8+'المدينه المنوره'!AN8+'الشرقيه'!AN8+'الحدود الشماليه'!AN8+'تبوك'!AN8+'الجوف'!AN8+'حائل'!AN8+'نجران'!AN8+'القصيم'!AN8+'الباحه'!AN8+'عسير'!AN8+'جازان'!AN8+'جده'!AN8+'الطائف'!AN8+'العاصمه'!AO8+'القريات'!AN8 -> 80614 | AO9: ='الرياض'!AO8+'المدينه المنوره'!AO8+'الشرقيه'!AO8+'الحدود الشماليه'!AO8+'تبوك'!AO8+'الجوف'!AO8+'حائل'!AO8+'نجران'!AO8+'القصيم'!AO8+'الباحه'!AO8+'عسير'!AO8+'جازان'!AO8+'جده'!AO8+'الطائف'!AO8+'العاصمه'!AP8+'القريات'!AO8 -> 1839 | AP9: =SUM(AN9:AO9) -> 82453 | AQ9: ='الرياض'!AQ8+'المدينه المنوره'!AQ8+'الشرقيه'!AQ8+'الحدود الشماليه'!AQ8+'تبوك'!AQ8+'الجوف'!AQ8+'حائل'!AQ8+'نجران'!AQ8+'القصيم'!AQ8+'الباحه'!AQ8+'عسير'!AQ8+'جازان'!AQ8+'جده'!AQ8+'الطائف'!AQ8+'العاصمه'!AR8+'القريات'!AQ8 -> 55225 | AR9: ='الرياض'!AR8+'المدينه المنوره'!AR8+'الشرقيه'!AR8+'الحدود الشماليه'!AR8+'تبوك'!AR8+'الجوف'!AR8+'حائل'!AR8+'نجران'!AR8+'القصيم'!AR8+'الباحه'!AR8+'عسير'!AR8+'جازان'!AR8+'جده'!AR8+'الطائف'!AR8+'العاصمه'!AS8+'القريات'!AR8 -> 17435 | AS9: ='الرياض'!AS8+'المدينه المنوره'!AS8+'الشرقيه'!AS8+'الحدود الشماليه'!AS8+'تبوك'!AS8+'الجوف'!AS8+'حائل'!AS8+'نجران'!AS8+'القصيم'!AS8+'الباحه'!AS8+'عسير'!AS8+'جازان'!AS8+'جده'!AS8+'الطائف'!AS8+'العاصمه'!AT8+'القريات'!AS8 -> 214 | AT9: ='الرياض'!AT8+'المدينه المنوره'!AT8+'الشرقيه'!AT8+'الحدود الشماليه'!AT8+'تبوك'!AT8+'الجوف'!AT8+'حائل'!AT8+'نجران'!AT8+'القصيم'!AT8+'الباحه'!AT8+'عسير'!AT8+'جازان'!AT8+'جده'!AT8+'الطائف'!AT8+'العاصمه'!AU8+'القريات'!AT8 -> 258 | AU9: ='الرياض'!AU8+'المدينه المنوره'!AU8+'الشرقيه'!AU8+'الحدود الشماليه'!AU8+'تبوك'!AU8+'الجوف'!AU8+'حائل'!AU8+'نجران'!AU8+'القصيم'!AU8+'الباحه'!AU8+'عسير'!AU8+'جازان'!AU8+'جده'!AU8+'الطائف'!AU8+'العاصمه'!AV8+'القريات'!AU8 -> 9321 | AV9: =SUM(AQ9:AU9) -> 82453 | AW9: =AU9 -> 9321 | AX9: ='الرياض'!AX8+'المدينه المنوره'!AX8+'الشرقيه'!AX8+'الحدود الشماليه'!AX8+'تبوك'!AX8+'الجوف'!AX8+'حائل'!AX8+'نجران'!AX8+'القصيم'!AX8+'الباحه'!AX8+'عسير'!AX8+'جازان'!AX8+'جده'!AX8+'الطائف'!AX8+'العاصمه'!AY8+'القريات'!AX8 -> 63285 | AY9: ='الرياض'!AY8+'المدينه المنوره'!AY8+'الشرقيه'!AY8+'الحدود الشماليه'!AY8+'تبوك'!AY8+'الجوف'!AY8+'حائل'!AY8+'نجران'!AY8+'القصيم'!AY8+'الباحه'!AY8+'عسير'!AY8+'جازان'!AY8+'جده'!AY8+'الطائف'!AY8+'العاصمه'!AZ8+'القريات'!AY8 -> 9847 | AZ9: =SUM(AW9:AY9) -> 82453 | BA9: ='الرياض'!BA8+'المدينه المنوره'!BA8+'الشرقيه'!BA8+'الحدود الشماليه'!BA8+'تبوك'!BA8+'الجوف'!BA8+'حائل'!BA8+'نجران'!BA8+'القصيم'!BA8+'الباحه'!BA8+'عسير'!BA8+'جازان'!BA8+'جده'!BA8+'الطائف'!BA8+'العاصمه'!BB8+'القريات'!BA8 -> 34350 | BB9: ='الرياض'!BB8+'المدينه المنوره'!BB8+'الشرقيه'!BB8+'الحدود الشماليه'!BB8+'تبوك'!BB8+'الجوف'!BB8+'حائل'!BB8+'نجران'!BB8+'القصيم'!BB8+'الباحه'!BB8+'عسير'!BB8+'جازان'!BB8+'جده'!BB8+'الطائف'!BB8+'العاصمه'!BC8+'القريات'!$BB8 -> 4858 | BC9: ='الرياض'!BC8+'المدينه المنوره'!BC8+'الشرقيه'!BC8+'الحدود الشماليه'!BC8+'تبوك'!BC8+'الجوف'!BC8+'حائل'!BC8+'نجران'!BC8+'القصيم'!BC8+'الباحه'!BC8+'عسير'!BC8+'جازان'!BC8+'جده'!BC8+'الطائف'!BC8+'العاصمه'!BD8+'القريات'!BC8 -> 670 | BD9: ='الرياض'!BD8+'المدينه المنوره'!BD8+'الشرقيه'!BD8+'الحدود الشماليه'!BD8+'تبوك'!BD8+'الجوف'!BD8+'حائل'!BD8+'نجران'!BD8+'القصيم'!BD8+'الباحه'!BD8+'عسير'!BD8+'جازان'!BD8+'جده'!BD8+'الطائف'!BD8+'العاصمه'!BE8+'القريات'!BD8 -> 52 | BE9: ='الرياض'!BE8+'المدينه المنوره'!BE8+'الشرقيه'!BE8+'الحدود الشماليه'!BE8+'تبوك'!BE8+'الجوف'!BE8+'حائل'!BE8+'نجران'!BE8+'القصيم'!BE8+'الباحه'!BE8+'عسير'!BE8+'جازان'!BE8+'جده'!BE8+'الطائف'!BE8+'العاصمه'!BF8+'القريات'!BE8 -> 35 | BF9: ='الرياض'!BF8+'المدينه المنوره'!BF8+'الشرقيه'!BF8+'الحدود الشماليه'!BF8+'تبوك'!BF8+'الجوف'!BF8+'حائل'!BF8+'نجران'!BF8+'القصيم'!BF8+'الباحه'!BF8+'عسير'!BF8+'جازان'!BF8+'جده'!BF8+'الطائف'!BF8+'العاصمه'!BG8+'القريات'!BF8 -> 2076 | BG9: ='الرياض'!BG8+'المدينه المنوره'!BG8+'الشرقيه'!BG8+'الحدود الشماليه'!BG8+'تبوك'!BG8+'الجوف'!BG8+'حائل'!BG8+'نجران'!BG8+'القصيم'!BG8+'الباحه'!BG8+'عسير'!BG8+'جازان'!BG8+'جده'!BG8+'الطائف'!BG8+'العاصمه'!BH8+'القريات'!BG8 -> 2207 | BH9: ='الرياض'!BH8+'المدينه المنوره'!BH8+'الشرقيه'!BH8+'الحدود الشماليه'!BH8+'تبوك'!BH8+'الجوف'!BH8+'حائل'!BH8+'نجران'!BH8+'القصيم'!BH8+'الباحه'!BH8+'عسير'!BH8+'جازان'!BH8+'جده'!BH8+'الطائف'!BH8+'العاصمه'!BI8+'القريات'!BH8 -> 1984 | BI9: =SUM(BA9:BH9) -> 46232 | BJ9: ='الرياض'!BJ8+'المدينه المنوره'!BJ8+'الشرقيه'!BJ8+'الحدود الشماليه'!BJ8+'تبوك'!BJ8+'الجوف'!BJ8+'حائل'!BJ8+'نجران'!BJ8+'القصيم'!BJ8+'الباحه'!BJ8+'عسير'!BJ8+'جازان'!BJ8+'جده'!BJ8+'الطائف'!BJ8+'العاصمه'!BK8+'القريات'!BJ8 -> 5736 | BK9: ='الرياض'!BK8+'المدينه المنوره'!BK8+'الشرقيه'!BK8+'الحدود الشماليه'!BK8+'تبوك'!BK8+'الجوف'!BK8+'حائل'!BK8+'نجران'!BK8+'القصيم'!BK8+'الباحه'!BK8+'عسير'!BK8+'جازان'!BK8+'جده'!BK8+'الطائف'!BK8+'العاصمه'!BL8+'القريات'!BK8 -> 4077 | BL9: ='الرياض'!BL8+'المدينه المنوره'!BL8+'الشرقيه'!BL8+'الحدود الشماليه'!BL8+'تبوك'!BL8+'الجوف'!BL8+'حائل'!BL8+'نجران'!BL8+'القصيم'!BL8+'الباحه'!BL8+'عسير'!BL8+'جازان'!BL8+'جده'!BL8+'الطائف'!BL8+'العاصمه'!BM8+'القريات'!BL8 -> 3857 | BM9: ='الرياض'!BM8+'المدينه المنوره'!BM8+'الشرقيه'!BM8+'الحدود الشماليه'!BM8+'تبوك'!BM8+'الجوف'!BM8+'حائل'!BM8+'نجران'!BM8+'القصيم'!BM8+'الباحه'!BM8+'عسير'!BM8+'جازان'!BM8+'جده'!BM8+'الطائف'!BM8+'العاصمه'!BN8+'القريات'!BM8 -> 4212 | BN9: ='الرياض'!BN8+'المدينه المنوره'!BN8+'الشرقيه'!BN8+'الحدود الشماليه'!BN8+'تبوك'!BN8+'الجوف'!BN8+'حائل'!BN8+'نجران'!BN8+'القصيم'!BN8+'الباحه'!BN8+'عسير'!BN8+'جازان'!BN8+'جده'!BN8+'الطائف'!BN8+'العاصمه'!BO8+'القريات'!BN8 -> 11619 | BO9: ='الرياض'!BO8+'المدينه المنوره'!BO8+'الشرقيه'!BO8+'الحدود الشماليه'!BO8+'تبوك'!BO8+'الجوف'!BO8+'حائل'!BO8+'نجران'!BO8+'القصيم'!BO8+'الباحه'!BO8+'عسير'!BO8+'جازان'!BO8+'جده'!BO8+'الطائف'!BO8+'العاصمه'!BP8+'القريات'!BO8 -> 5 | BP9: ='الرياض'!BP8+'المدينه المنوره'!BP8+'الشرقيه'!BP8+'الحدود الشماليه'!BP8+'تبوك'!BP8+'الجوف'!BP8+'حائل'!BP8+'نجران'!BP8+'القصيم'!BP8+'الباحه'!BP8+'عسير'!BP8+'جازان'!BP8+'جده'!BP8+'الطائف'!BP8+'العاصمه'!BQ8+'القريات'!BP8 -> 16726 | BQ9: =SUM(BJ9:BP9) -> 46232 | BR9: ='الرياض'!BR8+'المدينه المنوره'!BR8+'الشرقيه'!BR8+'الحدود الشماليه'!BR8+'تبوك'!BR8+'الجوف'!BR8+'حائل'!BR8+'نجران'!BR8+'القصيم'!BR8+'الباحه'!BR8+'عسير'!BR8+'جازان'!BR8+'جده'!BR8+'الطائف'!BR8+'العاصمه'!BS8+'القريات'!BR8 -> 3184 | BS9: ='الرياض'!BS8+'المدينه المنوره'!BS8+'الشرقيه'!BS8+'الحدود الشماليه'!BS8+'تبوك'!BS8+'الجوف'!BS8+'حائل'!BS8+'نجران'!BS8+'القصيم'!BS8+'الباحه'!BS8+'عسير'!BS8+'جازان'!BS8+'جده'!BS8+'الطائف'!BS8+'العاصمه'!BT8+'القريات'!BS8 -> 736 | BT9: ='الرياض'!BT8+'المدينه المنوره'!BT8+'الشرقيه'!BT8+'الحدود الشماليه'!BT8+'تبوك'!BT8+'الجوف'!BT8+'حائل'!BT8+'نجران'!BT8+'القصيم'!BT8+'الباحه'!BT8+'عسير'!BT8+'جازان'!BT8+'جده'!BT8+'الطائف'!BT8+'العاصمه'!BU8+'القريات'!BT8 -> 81701 | BU9: =SUM(BR9:BT9) -> 85621
A10: شعبان | B10: ='الرياض'!B9+'المدينه المنوره'!B9+'الشرقيه'!B9+'الحدود الشماليه'!B9+'تبوك'!B9+'الجوف'!B9+'حائل'!B9+'نجران'!B9+'القصيم'!B9+'الباحه'!B9+'عسير'!B9+'جازان'!B9+'جده'!B9+'الطائف'!B9+'العاصمه'!C9+'القريات'!B9 -> 45347 | C10: ='الرياض'!C9+'المدينه المنوره'!C9+'الشرقيه'!C9+'الحدود الشماليه'!C9+'تبوك'!C9+'الجوف'!C9+'حائل'!C9+'نجران'!C9+'القصيم'!C9+'الباحه'!C9+'عسير'!C9+'جازان'!C9+'جده'!C9+'الطائف'!C9+'العاصمه'!D9+'القريات'!C9 -> 1855 | D10: ='الرياض'!D9+'المدينه المنوره'!D9+'الشرقيه'!D9+'الحدود الشماليه'!D9+'تبوك'!D9+'الجوف'!D9+'حائل'!D9+'نجران'!D9+'القصيم'!D9+'الباحه'!D9+'عسير'!D9+'جازان'!D9+'جده'!D9+'الطائف'!D9+'العاصمه'!E9+'القريات'!D9 -> 562 | E10: =SUM(B10:D10) -> 47764 | F10: ='الرياض'!F9+'المدينه المنوره'!F9+'الشرقيه'!F9+'الحدود الشماليه'!F9+'تبوك'!F9+'الجوف'!F9+'حائل'!F9+'نجران'!F9+'القصيم'!F9+'الباحه'!F9+'عسير'!F9+'جازان'!F9+'جده'!F9+'الطائف'!F9+'العاصمه'!G9+'القريات'!F9 -> 6994 | G10: ='الرياض'!G9+'المدينه المنوره'!G9+'الشرقيه'!G9+'الحدود الشماليه'!G9+'تبوك'!G9+'الجوف'!G9+'حائل'!G9+'نجران'!G9+'القصيم'!G9+'الباحه'!G9+'عسير'!G9+'جازان'!G9+'جده'!G9+'الطائف'!G9+'العاصمه'!H9+'القريات'!G9 -> 7553 | H10: ='الرياض'!H9+'المدينه المنوره'!H9+'الشرقيه'!H9+'الحدود الشماليه'!H9+'تبوك'!H9+'الجوف'!H9+'حائل'!H9+'نجران'!H9+'القصيم'!H9+'الباحه'!H9+'عسير'!H9+'جازان'!H9+'جده'!H9+'الطائف'!H9+'العاصمه'!I9+'القريات'!H9 -> 6388 | I10: ='الرياض'!I9+'المدينه المنوره'!I9+'الشرقيه'!I9+'الحدود الشماليه'!I9+'تبوك'!I9+'الجوف'!I9+'حائل'!I9+'نجران'!I9+'القصيم'!I9+'الباحه'!I9+'عسير'!I9+'جازان'!I9+'جده'!I9+'الطائف'!I9+'العاصمه'!J9+'القريات'!I9 -> 6911 | J10: ='الرياض'!J9+'المدينه المنوره'!J9+'الشرقيه'!J9+'الحدود الشماليه'!J9+'تبوك'!J9+'الجوف'!J9+'حائل'!J9+'نجران'!J9+'القصيم'!J9+'الباحه'!J9+'عسير'!J9+'جازان'!J9+'جده'!J9+'الطائف'!J9+'العاصمه'!K9+'القريات'!J9 -> 6735 | K10: ='الرياض'!K9+'المدينه المنوره'!K9+'الشرقيه'!K9+'الحدود الشماليه'!K9+'تبوك'!K9+'الجوف'!K9+'حائل'!K9+'نجران'!K9+'القصيم'!K9+'الباحه'!K9+'عسير'!K9+'جازان'!K9+'جده'!K9+'الطائف'!K9+'العاصمه'!L9+'القريات'!K9 -> 7195 | L10: ='الرياض'!L9+'المدينه المنوره'!L9+'الشرقيه'!L9+'الحدود الشماليه'!L9+'تبوك'!L9+'الجوف'!L9+'حائل'!L9+'نجران'!L9+'القصيم'!L9+'الباحه'!L9+'عسير'!L9+'جازان'!L9+'جده'!L9+'الطائف'!L9+'العاصمه'!M9+'القريات'!L9 -> 5988 | M10: =SUM(F10:L10) -> 47764 | N10: ='الرياض'!N9+'المدينه المنوره'!N9+'الشرقيه'!N9+'الحدود الشماليه'!N9+'تبوك'!N9+'الجوف'!N9+'حائل'!N9+'نجران'!N9+'القصيم'!N9+'الباحه'!N9+'عسير'!N9+'جازان'!N9+'جده'!N9+'الطائف'!N9+'العاصمه'!O9+'القريات'!N9 -> 28023 | O10: ='الرياض'!O9+'المدينه المنوره'!O9+'الشرقيه'!O9+'الحدود الشماليه'!O9+'تبوك'!O9+'الجوف'!O9+'حائل'!O9+'نجران'!O9+'القصيم'!O9+'الباحه'!O9+'عسير'!O9+'جازان'!O9+'جده'!O9+'الطائف'!O9+'العاصمه'!P9+'القريات'!O9 -> 19741 | P10: =SUM(N10:O10) -> 47764 | Q10: ='الرياض'!Q9+'المدينه المنوره'!Q9+'الشرقيه'!Q9+'الحدود الشماليه'!Q9+'تبوك'!Q9+'الجوف'!Q9+'حائل'!Q9+'نجران'!Q9+'القصيم'!Q9+'الباحه'!Q9+'عسير'!Q9+'جازان'!Q9+'جده'!Q9+'الطائف'!Q9+'العاصمه'!R9+'القريات'!Q9 -> 33884 | R10: ='الرياض'!R9+'المدينه المنوره'!R9+'الشرقيه'!R9+'الحدود الشماليه'!R9+'تبوك'!R9+'الجوف'!R9+'حائل'!R9+'نجران'!R9+'القصيم'!R9+'الباحه'!R9+'عسير'!R9+'جازان'!R9+'جده'!R9+'الطائف'!R9+'العاصمه'!S9+'القريات'!R9 -> 13880 | S10: =SUM(Q10:R10) -> 47764 | T10: ='الرياض'!T9+'المدينه المنوره'!T9+'الشرقيه'!T9+'الحدود الشماليه'!T9+'تبوك'!T9+'الجوف'!T9+'حائل'!T9+'نجران'!T9+'القصيم'!T9+'الباحه'!T9+'عسير'!T9+'جازان'!T9+'جده'!T9+'الطائف'!T9+'العاصمه'!U9+'القريات'!T9 -> 42028 | U10: ='الرياض'!U9+'المدينه المنوره'!U9+'الشرقيه'!U9+'الحدود الشماليه'!U9+'تبوك'!U9+'الجوف'!U9+'حائل'!U9+'نجران'!U9+'القصيم'!U9+'الباحه'!U9+'عسير'!U9+'جازان'!U9+'جده'!U9+'الطائف'!U9+'العاصمه'!V9+'القريات'!U9 -> 10277 | V10: ='الرياض'!V9+'المدينه المنوره'!V9+'الشرقيه'!V9+'الحدود الشماليه'!V9+'تبوك'!V9+'الجوف'!V9+'حائل'!V9+'نجران'!V9+'القصيم'!V9+'الباحه'!V9+'عسير'!V9+'جازان'!V9+'جده'!V9+'الطائف'!V9+'العاصمه'!W9+'القريات'!V9 -> 1022 | W10: ='الرياض'!W9+'المدينه المنوره'!W9+'الشرقيه'!W9+'الحدود الشماليه'!W9+'تبوك'!W9+'الجوف'!W9+'حائل'!W9+'نجران'!W9+'القصيم'!W9+'الباحه'!W9+'عسير'!W9+'جازان'!W9+'جده'!W9+'الطائف'!W9+'العاصمه'!X9+'القريات'!W9 -> 11798 | X10: ='الرياض'!X9+'المدينه المنوره'!X9+'الشرقيه'!X9+'الحدود الشماليه'!X9+'تبوك'!X9+'الجوف'!X9+'حائل'!X9+'نجران'!X9+'القصيم'!X9+'الباحه'!X9+'عسير'!X9+'جازان'!X9+'جده'!X9+'الطائف'!X9+'العاصمه'!Y9+'القريات'!X9 -> 6543 | Y10: ='الرياض'!Y9+'المدينه المنوره'!Y9+'الشرقيه'!Y9+'الحدود الشماليه'!Y9+'تبوك'!Y9+'الجوف'!Y9+'حائل'!Y9+'نجران'!Y9+'القصيم'!Y9+'الباحه'!Y9+'عسير'!Y9+'جازان'!Y9+'جده'!Y9+'الطائف'!Y9+'العاصمه'!Z9+'القريات'!Y9 -> 663 | Z10: ='الرياض'!Z9+'المدينه المنوره'!Z9+'الشرقيه'!Z9+'الحدود الشماليه'!Z9+'تبوك'!Z9+'الجوف'!Z9+'حائل'!Z9+'نجران'!Z9+'القصيم'!Z9+'الباحه'!Z9+'عسير'!Z9+'جازان'!Z9+'جده'!Z9+'الطائف'!Z9+'العاصمه'!AA9+'القريات'!Z9 -> 1853 | AA10: =SUM(T10:Z10) -> 74184 | AB10: ='الرياض'!AB9+'المدينه المنوره'!AB9+'الشرقيه'!AB9+'الحدود الشماليه'!AB9+'تبوك'!AB9+'الجوف'!AB9+'حائل'!AB9+'نجران'!AB9+'القصيم'!AB9+'الباحه'!AB9+'عسير'!AB9+'جازان'!AB9+'جده'!AB9+'الطائف'!AB9+'العاصمه'!AC9+'القريات'!AB9 -> 11731 | AC10: ='الرياض'!AC9+'المدينه المنوره'!AC9+'الشرقيه'!AC9+'الحدود الشماليه'!AC9+'تبوك'!AC9+'الجوف'!AC9+'حائل'!AC9+'نجران'!AC9+'القصيم'!AC9+'الباحه'!AC9+'عسير'!AC9+'جازان'!AC9+'جده'!AC9+'الطائف'!AC9+'العاصمه'!AD9+'القريات'!AC9 -> 32608 | AD10: ='الرياض'!AD9+'المدينه المنوره'!AD9+'الشرقيه'!AD9+'الحدود الشماليه'!AD9+'تبوك'!AD9+'الجوف'!AD9+'حائل'!AD9+'نجران'!AD9+'القصيم'!AD9+'الباحه'!AD9+'عسير'!AD9+'جازان'!AD9+'جده'!AD9+'الطائف'!AD9+'العاصمه'!AE9+'القريات'!AD9 -> 25052 | AE10: ='الرياض'!AE9+'المدينه المنوره'!AE9+'الشرقيه'!AE9+'الحدود الشماليه'!AE9+'تبوك'!AE9+'الجوف'!AE9+'حائل'!AE9+'نجران'!AE9+'القصيم'!AE9+'الباحه'!AE9+'عسير'!AE9+'جازان'!AE9+'جده'!AE9+'الطائف'!AE9+'العاصمه'!AF9+'القريات'!AE9 -> 11158 | AF10: ='الرياض'!AF9+'المدينه المنوره'!AF9+'الشرقيه'!AF9+'الحدود الشماليه'!AF9+'تبوك'!AF9+'الجوف'!AF9+'حائل'!AF9+'نجران'!AF9+'القصيم'!AF9+'الباحه'!AF9+'عسير'!AF9+'جازان'!AF9+'جده'!AF9+'الطائف'!AF9+'العاصمه'!AG9+'القريات'!AF9 -> 6004 | AG10: =SUM(AB10:AF10) -> 86553 | AH10: ='الرياض'!AH9+'المدينه المنوره'!AH9+'الشرقيه'!AH9+'الحدود الشماليه'!AH9+'تبوك'!AH9+'الجوف'!AH9+'حائل'!AH9+'نجران'!AH9+'القصيم'!AH9+'الباحه'!AH9+'عسير'!AH9+'جازان'!AH9+'جده'!AH9+'الطائف'!AH9+'العاصمه'!AI9+'القريات'!AH9 -> 53264 | AI10: ='الرياض'!AI9+'المدينه المنوره'!AI9+'الشرقيه'!AI9+'الحدود الشماليه'!AI9+'تبوك'!AI9+'الجوف'!AI9+'حائل'!AI9+'نجران'!AI9+'القصيم'!AI9+'الباحه'!AI9+'عسير'!AI9+'جازان'!AI9+'جده'!AI9+'الطائف'!AI9+'العاصمه'!AJ9+'القريات'!AI9 -> 33289 | AJ10: =SUM(AH10:AI10) -> 86553 | AK10: ='الرياض'!AK9+'المدينه المنوره'!AK9+'الشرقيه'!AK9+'الحدود الشماليه'!AK9+'تبوك'!AK9+'الجوف'!AK9+'حائل'!AK9+'نجران'!AK9+'القصيم'!AK9+'الباحه'!AK9+'عسير'!AK9+'جازان'!AK9+'جده'!AK9+'الطائف'!AK9+'العاصمه'!AL9+'القريات'!AK9 -> 46136 | AL10: ='الرياض'!AL9+'المدينه المنوره'!AL9+'الشرقيه'!AL9+'الحدود الشماليه'!AL9+'تبوك'!AL9+'الجوف'!AL9+'حائل'!AL9+'نجران'!AL9+'القصيم'!AL9+'الباحه'!AL9+'عسير'!AL9+'جازان'!AL9+'جده'!AL9+'الطائف'!AL9+'العاصمه'!AM9+'القريات'!AL9 -> 40417 | AM10: =SUM(AK10:AL10) -> 86553 | AN10: ='الرياض'!AN9+'المدينه المنوره'!AN9+'الشرقيه'!AN9+'الحدود الشماليه'!AN9+'تبوك'!AN9+'الجوف'!AN9+'حائل'!AN9+'نجران'!AN9+'القصيم'!AN9+'الباحه'!AN9+'عسير'!AN9+'جازان'!AN9+'جده'!AN9+'الطائف'!AN9+'العاصمه'!AO9+'القريات'!AN9 -> 84907 | AO10: ='الرياض'!AO9+'المدينه المنوره'!AO9+'الشرقيه'!AO9+'الحدود الشماليه'!AO9+'تبوك'!AO9+'الجوف'!AO9+'حائل'!AO9+'نجران'!AO9+'القصيم'!AO9+'الباحه'!AO9+'عسير'!AO9+'جازان'!AO9+'جده'!AO9+'الطائف'!AO9+'العاصمه'!AP9+'القريات'!AO9 -> 1646 | AP10: =SUM(AN10:AO10) -> 86553 | AQ10: ='الرياض'!AQ9+'المدينه المنوره'!AQ9+'الشرقيه'!AQ9+'الحدود الشماليه'!AQ9+'تبوك'!AQ9+'الجوف'!AQ9+'حائل'!AQ9+'نجران'!AQ9+'القصيم'!AQ9+'الباحه'!AQ9+'عسير'!AQ9+'جازان'!AQ9+'جده'!AQ9+'الطائف'!AQ9+'العاصمه'!AR9+'القريات'!AQ9 -> 57823 | AR10: ='الرياض'!AR9+'المدينه المنوره'!AR9+'الشرقيه'!AR9+'الحدود الشماليه'!AR9+'تبوك'!AR9+'الجوف'!AR9+'حائل'!AR9+'نجران'!AR9+'القصيم'!AR9+'الباحه'!AR9+'عسير'!AR9+'جازان'!AR9+'جده'!AR9+'الطائف'!AR9+'العاصمه'!AS9+'القريات'!AR9 -> 16794 | AS10: ='الرياض'!AS9+'المدينه المنوره'!AS9+'الشرقيه'!AS9+'الحدود الشماليه'!AS9+'تبوك'!AS9+'الجوف'!AS9+'حائل'!AS9+'نجران'!AS9+'القصيم'!AS9+'الباحه'!AS9+'عسير'!AS9+'جازان'!AS9+'جده'!AS9+'الطائف'!AS9+'العاصمه'!AT9+'القريات'!AS9 -> 150 | AT10: ='الرياض'!AT9+'المدينه المنوره'!AT9+'الشرقيه'!AT9+'الحدود الشماليه'!AT9+'تبوك'!AT9+'الجوف'!AT9+'حائل'!AT9+'نجران'!AT9+'القصيم'!AT9+'الباحه'!AT9+'عسير'!AT9+'جازان'!AT9+'جده'!AT9+'الطائف'!AT9+'العاصمه'!AU9+'القريات'!AT9 -> 219 | AU10: ='الرياض'!AU9+'المدينه المنوره'!AU9+'الشرقيه'!AU9+'الحدود الشماليه'!AU9+'تبوك'!AU9+'الجوف'!AU9+'حائل'!AU9+'نجران'!AU9+'القصيم'!AU9+'الباحه'!AU9+'عسير'!AU9+'جازان'!AU9+'جده'!AU9+'الطائف'!AU9+'العاصمه'!AV9+'القريات'!AU9 -> 11567 | AV10: =SUM(AQ10:AU10) -> 86553 | AW10: =AU10 -> 11567 | AX10: ='الرياض'!AX9+'المدينه المنوره'!AX9+'الشرقيه'!AX9+'الحدود الشماليه'!AX9+'تبوك'!AX9+'الجوف'!AX9+'حائل'!AX9+'نجران'!AX9+'القصيم'!AX9+'الباحه'!AX9+'عسير'!AX9+'جازان'!AX9+'جده'!AX9+'الطائف'!AX9+'العاصمه'!AY9+'القريات'!AX9 -> 66276 | AY10: ='الرياض'!AY9+'المدينه المنوره'!AY9+'الشرقيه'!AY9+'الحدود الشماليه'!AY9+'تبوك'!AY9+'الجوف'!AY9+'حائل'!AY9+'نجران'!AY9+'القصيم'!AY9+'الباحه'!AY9+'عسير'!AY9+'جازان'!AY9+'جده'!AY9+'الطائف'!AY9+'العاصمه'!AZ9+'القريات'!AY9 -> 8710 | AZ10: =SUM(AW10:AY10) -> 86553 | BA10: ='الرياض'!BA9+'المدينه المنوره'!BA9+'الشرقيه'!BA9+'الحدود الشماليه'!BA9+'تبوك'!BA9+'الجوف'!BA9+'حائل'!BA9+'نجران'!BA9+'القصيم'!BA9+'الباحه'!BA9+'عسير'!BA9+'جازان'!BA9+'جده'!BA9+'الطائف'!BA9+'العاصمه'!BB9+'القريات'!BA9 -> 35818 | BB10: ='الرياض'!BB9+'المدينه المنوره'!BB9+'الشرقيه'!BB9+'الحدود الشماليه'!BB9+'تبوك'!BB9+'الجوف'!BB9+'حائل'!BB9+'نجران'!BB9+'القصيم'!BB9+'الباحه'!BB9+'عسير'!BB9+'جازان'!BB9+'جده'!BB9+'الطائف'!BB9+'العاصمه'!BC9+'القريات'!$BB9 -> 4620 | BC10: ='الرياض'!BC9+'المدينه المنوره'!BC9+'الشرقيه'!BC9+'الحدود الشماليه'!BC9+'تبوك'!BC9+'الجوف'!BC9+'حائل'!BC9+'نجران'!BC9+'القصيم'!BC9+'الباحه'!BC9+'عسير'!BC9+'جازان'!BC9+'جده'!BC9+'الطائف'!BC9+'العاصمه'!BD9+'القريات'!BC9 -> 715 | BD10: ='الرياض'!BD9+'المدينه المنوره'!BD9+'الشرقيه'!BD9+'الحدود الشماليه'!BD9+'تبوك'!BD9+'الجوف'!BD9+'حائل'!BD9+'نجران'!BD9+'القصيم'!BD9+'الباحه'!BD9+'عسير'!BD9+'جازان'!BD9+'جده'!BD9+'الطائف'!BD9+'العاصمه'!BE9+'القريات'!BD9 -> 51 | BE10: ='الرياض'!BE9+'المدينه المنوره'!BE9+'الشرقيه'!BE9+'الحدود الشماليه'!BE9+'تبوك'!BE9+'الجوف'!BE9+'حائل'!BE9+'نجران'!BE9+'القصيم'!BE9+'الباحه'!BE9+'عسير'!BE9+'جازان'!BE9+'جده'!BE9+'الطائف'!BE9+'العاصمه'!BF9+'القريات'!BE9 -> 31 | BF10: ='الرياض'!BF9+'المدينه المنوره'!BF9+'الشرقيه'!BF9+'الحدود الشماليه'!BF9+'تبوك'!BF9+'الجوف'!BF9+'حائل'!BF9+'نجران'!BF9+'القصيم'!BF9+'الباحه'!BF9+'عسير'!BF9+'جازان'!BF9+'جده'!BF9+'الطائف'!BF9+'العاصمه'!BG9+'القريات'!BF9 -> 1684 | BG10: ='الرياض'!BG9+'المدينه المنوره'!BG9+'الشرقيه'!BG9+'الحدود الشماليه'!BG9+'تبوك'!BG9+'الجوف'!BG9+'حائل'!BG9+'نجران'!BG9+'القصيم'!BG9+'الباحه'!BG9+'عسير'!BG9+'جازان'!BG9+'جده'!BG9+'الطائف'!BG9+'العاصمه'!BH9+'القريات'!BG9 -> 2429 | BH10: ='الرياض'!BH9+'المدينه المنوره'!BH9+'الشرقيه'!BH9+'الحدود الشماليه'!BH9+'تبوك'!BH9+'الجوف'!BH9+'حائل'!BH9+'نجران'!BH9+'القصيم'!BH9+'الباحه'!BH9+'عسير'!BH9+'جازان'!BH9+'جده'!BH9+'الطائف'!BH9+'العاصمه'!BI9+'القريات'!BH9 -> 2416 | BI10: =SUM(BA10:BH10) -> 47764 | BJ10: ='الرياض'!BJ9+'المدينه المنوره'!BJ9+'الشرقيه'!BJ9+'الحدود الشماليه'!BJ9+'تبوك'!BJ9+'الجوف'!BJ9+'حائل'!BJ9+'نجران'!BJ9+'القصيم'!BJ9+'الباحه'!BJ9+'عسير'!BJ9+'جازان'!BJ9+'جده'!BJ9+'الطائف'!BJ9+'العاصمه'!BK9+'القريات'!BJ9 -> 5170 | BK10: ='الرياض'!BK9+'المدينه المنوره'!BK9+'الشرقيه'!BK9+'الحدود الشماليه'!BK9+'تبوك'!BK9+'الجوف'!BK9+'حائل'!BK9+'نجران'!BK9+'القصيم'!BK9+'الباحه'!BK9+'عسير'!BK9+'جازان'!BK9+'جده'!BK9+'الطائف'!BK9+'العاصمه'!BL9+'القريات'!BK9 -> 3589 | BL10: ='الرياض'!BL9+'المدينه المنوره'!BL9+'الشرقيه'!BL9+'الحدود الشماليه'!BL9+'تبوك'!BL9+'الجوف'!BL9+'حائل'!BL9+'نجران'!BL9+'القصيم'!BL9+'الباحه'!BL9+'عسير'!BL9+'جازان'!BL9+'جده'!BL9+'الطائف'!BL9+'العاصمه'!BM9+'القريات'!BL9 -> 5095 | BM10: ='الرياض'!BM9+'المدينه المنوره'!BM9+'الشرقيه'!BM9+'الحدود الشماليه'!BM9+'تبوك'!BM9+'الجوف'!BM9+'حائل'!BM9+'نجران'!BM9+'القصيم'!BM9+'الباحه'!BM9+'عسير'!BM9+'جازان'!BM9+'جده'!BM9+'الطائف'!BM9+'العاصمه'!BN9+'القريات'!BM9 -> 3835 | BN10: ='الرياض'!BN9+'المدينه المنوره'!BN9+'الشرقيه'!BN9+'الحدود الشماليه'!BN9+'تبوك'!BN9+'الجوف'!BN9+'حائل'!BN9+'نجران'!BN9+'القصيم'!BN9+'الباحه'!BN9+'عسير'!BN9+'جازان'!BN9+'جده'!BN9+'الطائف'!BN9+'العاصمه'!BO9+'القريات'!BN9 -> 12714 | BO10: ='الرياض'!BO9+'المدينه المنوره'!BO9+'الشرقيه'!BO9+'الحدود الشماليه'!BO9+'تبوك'!BO9+'الجوف'!BO9+'حائل'!BO9+'نجران'!BO9+'القصيم'!BO9+'الباحه'!BO9+'عسير'!BO9+'جازان'!BO9+'جده'!BO9+'الطائف'!BO9+'العاصمه'!BP9+'القريات'!BO9 -> 5 | BP10: ='الرياض'!BP9+'المدينه المنوره'!BP9+'الشرقيه'!BP9+'الحدود الشماليه'!BP9+'تبوك'!BP9+'الجوف'!BP9+'حائل'!BP9+'نجران'!BP9+'القصيم'!BP9+'الباحه'!BP9+'عسير'!BP9+'جازان'!BP9+'جده'!BP9+'الطائف'!BP9+'العاصمه'!BQ9+'القريات'!BP9 -> 17356 | BQ10: =SUM(BJ10:BP10) -> 47764 | BR10: ='الرياض'!BR9+'المدينه المنوره'!BR9+'الشرقيه'!BR9+'الحدود الشماليه'!BR9+'تبوك'!BR9+'الجوف'!BR9+'حائل'!BR9+'نجران'!BR9+'القصيم'!BR9+'الباحه'!BR9+'عسير'!BR9+'جازان'!BR9+'جده'!BR9+'الطائف'!BR9+'العاصمه'!BS9+'القريات'!BR9 -> 3183 | BS10: ='الرياض'!BS9+'المدينه المنوره'!BS9+'الشرقيه'!BS9+'الحدود الشماليه'!BS9+'تبوك'!BS9+'الجوف'!BS9+'حائل'!BS9+'نجران'!BS9+'القصيم'!BS9+'الباحه'!BS9+'عسير'!BS9+'جازان'!BS9+'جده'!BS9+'الطائف'!BS9+'العاصمه'!BT9+'القريات'!BS9 -> 674 | BT10: ='الرياض'!BT9+'المدينه المنوره'!BT9+'الشرقيه'!BT9+'الحدود الشماليه'!BT9+'تبوك'!BT9+'الجوف'!BT9+'حائل'!BT9+'نجران'!BT9+'القصيم'!BT9+'الباحه'!BT9+'عسير'!BT9+'جازان'!BT9+'جده'!BT9+'الطائف'!BT9+'العاصمه'!BU9+'القريات'!BT9 -> 87935 | BU10: =SUM(BR10:BT10) -> 91792
A11: رمضان | B11: ='الرياض'!B10+'المدينه المنوره'!B10+'الشرقيه'!B10+'الحدود الشماليه'!B10+'تبوك'!B10+'الجوف'!B10+'حائل'!B10+'نجران'!B10+'القصيم'!B10+'الباحه'!B10+'عسير'!B10+'جازان'!B10+'جده'!B10+'الطائف'!B10+'العاصمه'!C10+'القريات'!B10 -> 37315 | C11: ='الرياض'!C10+'المدينه المنوره'!C10+'الشرقيه'!C10+'الحدود الشماليه'!C10+'تبوك'!C10+'الجوف'!C10+'حائل'!C10+'نجران'!C10+'القصيم'!C10+'الباحه'!C10+'عسير'!C10+'جازان'!C10+'جده'!C10+'الطائف'!C10+'العاصمه'!D10+'القريات'!C10 -> 1934 | D11: ='الرياض'!D10+'المدينه المنوره'!D10+'الشرقيه'!D10+'الحدود الشماليه'!D10+'تبوك'!D10+'الجوف'!D10+'حائل'!D10+'نجران'!D10+'القصيم'!D10+'الباحه'!D10+'عسير'!D10+'جازان'!D10+'جده'!D10+'الطائف'!D10+'العاصمه'!E10+'القريات'!D10 -> 689 | E11: =SUM(B11:D11) -> 39938 | F11: ='الرياض'!F10+'المدينه المنوره'!F10+'الشرقيه'!F10+'الحدود الشماليه'!F10+'تبوك'!F10+'الجوف'!F10+'حائل'!F10+'نجران'!F10+'القصيم'!F10+'الباحه'!F10+'عسير'!F10+'جازان'!F10+'جده'!F10+'الطائف'!F10+'العاصمه'!G10+'القريات'!F10 -> 5518 | G11: ='الرياض'!G10+'المدينه المنوره'!G10+'الشرقيه'!G10+'الحدود الشماليه'!G10+'تبوك'!G10+'الجوف'!G10+'حائل'!G10+'نجران'!G10+'القصيم'!G10+'الباحه'!G10+'عسير'!G10+'جازان'!G10+'جده'!G10+'الطائف'!G10+'العاصمه'!H10+'القريات'!G10 -> 6301 | H11: ='الرياض'!H10+'المدينه المنوره'!H10+'الشرقيه'!H10+'الحدود الشماليه'!H10+'تبوك'!H10+'الجوف'!H10+'حائل'!H10+'نجران'!H10+'القصيم'!H10+'الباحه'!H10+'عسير'!H10+'جازان'!H10+'جده'!H10+'الطائف'!H10+'العاصمه'!I10+'القريات'!H10 -> 6261 | I11: ='الرياض'!I10+'المدينه المنوره'!I10+'الشرقيه'!I10+'الحدود الشماليه'!I10+'تبوك'!I10+'الجوف'!I10+'حائل'!I10+'نجران'!I10+'القصيم'!I10+'الباحه'!I10+'عسير'!I10+'جازان'!I10+'جده'!I10+'الطائف'!I10+'العاصمه'!J10+'القريات'!I10 -> 5846 | J11: ='الرياض'!J10+'المدينه المنوره'!J10+'الشرقيه'!J10+'الحدود الشماليه'!J10+'تبوك'!J10+'الجوف'!J10+'حائل'!J10+'نجران'!J10+'القصيم'!J10+'الباحه'!J10+'عسير'!J10+'جازان'!J10+'جده'!J10+'الطائف'!J10+'العاصمه'!K10+'القريات'!J10 -> 5313 | K11: ='الرياض'!K10+'المدينه المنوره'!K10+'الشرقيه'!K10+'الحدود الشماليه'!K10+'تبوك'!K10+'الجوف'!K10+'حائل'!K10+'نجران'!K10+'القصيم'!K10+'الباحه'!K10+'عسير'!K10+'جازان'!K10+'جده'!K10+'الطائف'!K10+'العاصمه'!L10+'القريات'!K10 -> 5669 | L11: ='الرياض'!L10+'المدينه المنوره'!L10+'الشرقيه'!L10+'الحدود الشماليه'!L10+'تبوك'!L10+'الجوف'!L10+'حائل'!L10+'نجران'!L10+'القصيم'!L10+'الباحه'!L10+'عسير'!L10+'جازان'!L10+'جده'!L10+'الطائف'!L10+'العاصمه'!M10+'القريات'!L10 -> 5030 | M11: =SUM(F11:L11) -> 39938 | N11: ='الرياض'!N10+'المدينه المنوره'!N10+'الشرقيه'!N10+'الحدود الشماليه'!N10+'تبوك'!N10+'الجوف'!N10+'حائل'!N10+'نجران'!N10+'القصيم'!N10+'الباحه'!N10+'عسير'!N10+'جازان'!N10+'جده'!N10+'الطائف'!N10+'العاصمه'!O10+'القريات'!N10 -> 20603 | O11: ='الرياض'!O10+'المدينه المنوره'!O10+'الشرقيه'!O10+'الحدود الشماليه'!O10+'تبوك'!O10+'الجوف'!O10+'حائل'!O10+'نجران'!O10+'القصيم'!O10+'الباحه'!O10+'عسير'!O10+'جازان'!O10+'جده'!O10+'الطائف'!O10+'العاصمه'!P10+'القريات'!O10 -> 19335 | P11: =SUM(N11:O11) -> 39938 | Q11: ='الرياض'!Q10+'المدينه المنوره'!Q10+'الشرقيه'!Q10+'الحدود الشماليه'!Q10+'تبوك'!Q10+'الجوف'!Q10+'حائل'!Q10+'نجران'!Q10+'القصيم'!Q10+'الباحه'!Q10+'عسير'!Q10+'جازان'!Q10+'جده'!Q10+'الطائف'!Q10+'العاصمه'!R10+'القريات'!Q10 -> 27277 | R11: ='الرياض'!R10+'المدينه المنوره'!R10+'الشرقيه'!R10+'الحدود الشماليه'!R10+'تبوك'!R10+'الجوف'!R10+'حائل'!R10+'نجران'!R10+'القصيم'!R10+'الباحه'!R10+'عسير'!R10+'جازان'!R10+'جده'!R10+'الطائف'!R10+'العاصمه'!S10+'القريات'!R10 -> 12661 | S11: =SUM(Q11:R11) -> 39938 | T11: ='الرياض'!T10+'المدينه المنوره'!T10+'الشرقيه'!T10+'الحدود الشماليه'!T10+'تبوك'!T10+'الجوف'!T10+'حائل'!T10+'نجران'!T10+'القصيم'!T10+'الباحه'!T10+'عسير'!T10+'جازان'!T10+'جده'!T10+'الطائف'!T10+'العاصمه'!U10+'القريات'!T10 -> 36372 | U11: ='الرياض'!U10+'المدينه المنوره'!U10+'الشرقيه'!U10+'الحدود الشماليه'!U10+'تبوك'!U10+'الجوف'!U10+'حائل'!U10+'نجران'!U10+'القصيم'!U10+'الباحه'!U10+'عسير'!U10+'جازان'!U10+'جده'!U10+'الطائف'!U10+'العاصمه'!V10+'القريات'!U10 -> 10576 | V11: ='الرياض'!V10+'المدينه المنوره'!V10+'الشرقيه'!V10+'الحدود الشماليه'!V10+'تبوك'!V10+'الجوف'!V10+'حائل'!V10+'نجران'!V10+'القصيم'!V10+'الباحه'!V10+'عسير'!V10+'جازان'!V10+'جده'!V10+'الطائف'!V10+'العاصمه'!W10+'القريات'!V10 -> 991 | W11: ='الرياض'!W10+'المدينه المنوره'!W10+'الشرقيه'!W10+'الحدود الشماليه'!W10+'تبوك'!W10+'الجوف'!W10+'حائل'!W10+'نجران'!W10+'القصيم'!W10+'الباحه'!W10+'عسير'!W10+'جازان'!W10+'جده'!W10+'الطائف'!W10+'العاصمه'!X10+'القريات'!W10 -> 10525 | X11: ='الرياض'!X10+'المدينه المنوره'!X10+'الشرقيه'!X10+'الحدود الشماليه'!X10+'تبوك'!X10+'الجوف'!X10+'حائل'!X10+'نجران'!X10+'القصيم'!X10+'الباحه'!X10+'عسير'!X10+'جازان'!X10+'جده'!X10+'الطائف'!X10+'العاصمه'!Y10+'القريات'!X10 -> 6484 | Y11: ='الرياض'!Y10+'المدينه المنوره'!Y10+'الشرقيه'!Y10+'الحدود الشماليه'!Y10+'تبوك'!Y10+'الجوف'!Y10+'حائل'!Y10+'نجران'!Y10+'القصيم'!Y10+'الباحه'!Y10+'عسير'!Y10+'جازان'!Y10+'جده'!Y10+'الطائف'!Y10+'العاصمه'!Z10+'القريات'!Y10 -> 503 | Z11: ='الرياض'!Z10+'المدينه المنوره'!Z10+'الشرقيه'!Z10+'الحدود الشماليه'!Z10+'تبوك'!Z10+'الجوف'!Z10+'حائل'!Z10+'نجران'!Z10+'القصيم'!Z10+'الباحه'!Z10+'عسير'!Z10+'جازان'!Z10+'جده'!Z10+'الطائف'!Z10+'العاصمه'!AA10+'القريات'!Z10 -> 2077 | AA11: =SUM(T11:Z11) -> 67528 | AB11: ='الرياض'!AB10+'المدينه المنوره'!AB10+'الشرقيه'!AB10+'الحدود الشماليه'!AB10+'تبوك'!AB10+'الجوف'!AB10+'حائل'!AB10+'نجران'!AB10+'القصيم'!AB10+'الباحه'!AB10+'عسير'!AB10+'جازان'!AB10+'جده'!AB10+'الطائف'!AB10+'العاصمه'!AC10+'القريات'!AB10 -> 8490 | AC11: ='الرياض'!AC10+'المدينه المنوره'!AC10+'الشرقيه'!AC10+'الحدود الشماليه'!AC10+'تبوك'!AC10+'الجوف'!AC10+'حائل'!AC10+'نجران'!AC10+'القصيم'!AC10+'الباحه'!AC10+'عسير'!AC10+'جازان'!AC10+'جده'!AC10+'الطائف'!AC10+'العاصمه'!AD10+'القريات'!AC10 -> 24175 | AD11: ='الرياض'!AD10+'المدينه المنوره'!AD10+'الشرقيه'!AD10+'الحدود الشماليه'!AD10+'تبوك'!AD10+'الجوف'!AD10+'حائل'!AD10+'نجران'!AD10+'القصيم'!AD10+'الباحه'!AD10+'عسير'!AD10+'جازان'!AD10+'جده'!AD10+'الطائف'!AD10+'العاصمه'!AE10+'القريات'!AD10 -> 24087 | AE11: ='الرياض'!AE10+'المدينه المنوره'!AE10+'الشرقيه'!AE10+'الحدود الشماليه'!AE10+'تبوك'!AE10+'الجوف'!AE10+'حائل'!AE10+'نجران'!AE10+'القصيم'!AE10+'الباحه'!AE10+'عسير'!AE10+'جازان'!AE10+'جده'!AE10+'الطائف'!AE10+'العاصمه'!AF10+'القريات'!AE10 -> 12551 | AF11: ='الرياض'!AF10+'المدينه المنوره'!AF10+'الشرقيه'!AF10+'الحدود الشماليه'!AF10+'تبوك'!AF10+'الجوف'!AF10+'حائل'!AF10+'نجران'!AF10+'القصيم'!AF10+'الباحه'!AF10+'عسير'!AF10+'جازان'!AF10+'جده'!AF10+'الطائف'!AF10+'العاصمه'!AG10+'القريات'!AF10 -> 6906 | AG11: =SUM(AB11:AF11) -> 76209 | AH11: ='الرياض'!AH10+'المدينه المنوره'!AH10+'الشرقيه'!AH10+'الحدود الشماليه'!AH10+'تبوك'!AH10+'الجوف'!AH10+'حائل'!AH10+'نجران'!AH10+'القصيم'!AH10+'الباحه'!AH10+'عسير'!AH10+'جازان'!AH10+'جده'!AH10+'الطائف'!AH10+'العاصمه'!AI10+'القريات'!AH10 -> 46599 | AI11: ='الرياض'!AI10+'المدينه المنوره'!AI10+'الشرقيه'!AI10+'الحدود الشماليه'!AI10+'تبوك'!AI10+'الجوف'!AI10+'حائل'!AI10+'نجران'!AI10+'القصيم'!AI10+'الباحه'!AI10+'عسير'!AI10+'جازان'!AI10+'جده'!AI10+'الطائف'!AI10+'العاصمه'!AJ10+'القريات'!AI10 -> 29610 | AJ11: =SUM(AH11:AI11) -> 76209 | AK11: ='الرياض'!AK10+'المدينه المنوره'!AK10+'الشرقيه'!AK10+'الحدود الشماليه'!AK10+'تبوك'!AK10+'الجوف'!AK10+'حائل'!AK10+'نجران'!AK10+'القصيم'!AK10+'الباحه'!AK10+'عسير'!AK10+'جازان'!AK10+'جده'!AK10+'الطائف'!AK10+'العاصمه'!AL10+'القريات'!AK10 -> 46397 | AL11: ='الرياض'!AL10+'المدينه المنوره'!AL10+'الشرقيه'!AL10+'الحدود الشماليه'!AL10+'تبوك'!AL10+'الجوف'!AL10+'حائل'!AL10+'نجران'!AL10+'القصيم'!AL10+'الباحه'!AL10+'عسير'!AL10+'جازان'!AL10+'جده'!AL10+'الطائف'!AL10+'العاصمه'!AM10+'القريات'!AL10 -> 29812 | AM11: =SUM(AK11:AL11) -> 76209 | AN11: ='الرياض'!AN10+'المدينه المنوره'!AN10+'الشرقيه'!AN10+'الحدود الشماليه'!AN10+'تبوك'!AN10+'الجوف'!AN10+'حائل'!AN10+'نجران'!AN10+'القصيم'!AN10+'الباحه'!AN10+'عسير'!AN10+'جازان'!AN10+'جده'!AN10+'الطائف'!AN10+'العاصمه'!AO10+'القريات'!AN10 -> 74473 | AO11: ='الرياض'!AO10+'المدينه المنوره'!AO10+'الشرقيه'!AO10+'الحدود الشماليه'!AO10+'تبوك'!AO10+'الجوف'!AO10+'حائل'!AO10+'نجران'!AO10+'القصيم'!AO10+'الباحه'!AO10+'عسير'!AO10+'جازان'!AO10+'جده'!AO10+'الطائف'!AO10+'العاصمه'!AP10+'القريات'!AO10 -> 1736 | AP11: =SUM(AN11:AO11) -> 76209 | AQ11: ='الرياض'!AQ10+'المدينه المنوره'!AQ10+'الشرقيه'!AQ10+'الحدود الشماليه'!AQ10+'تبوك'!AQ10+'الجوف'!AQ10+'حائل'!AQ10+'نجران'!AQ10+'القصيم'!AQ10+'الباحه'!AQ10+'عسير'!AQ10+'جازان'!AQ10+'جده'!AQ10+'الطائف'!AQ10+'العاصمه'!AR10+'القريات'!AQ10 -> 50367 | AR11: ='الرياض'!AR10+'المدينه المنوره'!AR10+'الشرقيه'!AR10+'الحدود الشماليه'!AR10+'تبوك'!AR10+'الجوف'!AR10+'حائل'!AR10+'نجران'!AR10+'القصيم'!AR10+'الباحه'!AR10+'عسير'!AR10+'جازان'!AR10+'جده'!AR10+'الطائف'!AR10+'العاصمه'!AS10+'القريات'!AR10 -> 17040 | AS11: ='الرياض'!AS10+'المدينه المنوره'!AS10+'الشرقيه'!AS10+'الحدود الشماليه'!AS10+'تبوك'!AS10+'الجوف'!AS10+'حائل'!AS10+'نجران'!AS10+'القصيم'!AS10+'الباحه'!AS10+'عسير'!AS10+'جازان'!AS10+'جده'!AS10+'الطائف'!AS10+'العاصمه'!AT10+'القريات'!AS10 -> 303 | AT11: ='الرياض'!AT10+'المدينه المنوره'!AT10+'الشرقيه'!AT10+'الحدود الشماليه'!AT10+'تبوك'!AT10+'الجوف'!AT10+'حائل'!AT10+'نجران'!AT10+'القصيم'!AT10+'الباحه'!AT10+'عسير'!AT10+'جازان'!AT10+'جده'!AT10+'الطائف'!AT10+'العاصمه'!AU10+'القريات'!AT10 -> 704 | AU11: ='الرياض'!AU10+'المدينه المنوره'!AU10+'الشرقيه'!AU10+'الحدود الشماليه'!AU10+'تبوك'!AU10+'الجوف'!AU10+'حائل'!AU10+'نجران'!AU10+'القصيم'!AU10+'الباحه'!AU10+'عسير'!AU10+'جازان'!AU10+'جده'!AU10+'الطائف'!AU10+'العاصمه'!AV10+'القريات'!AU10 -> 7795 | AV11: =SUM(AQ11:AU11) -> 76209 | AW11: =AU11 -> 7795 | AX11: ='الرياض'!AX10+'المدينه المنوره'!AX10+'الشرقيه'!AX10+'الحدود الشماليه'!AX10+'تبوك'!AX10+'الجوف'!AX10+'حائل'!AX10+'نجران'!AX10+'القصيم'!AX10+'الباحه'!AX10+'عسير'!AX10+'جازان'!AX10+'جده'!AX10+'الطائف'!AX10+'العاصمه'!AY10+'القريات'!AX10 -> 59750 | AY11: ='الرياض'!AY10+'المدينه المنوره'!AY10+'الشرقيه'!AY10+'الحدود الشماليه'!AY10+'تبوك'!AY10+'الجوف'!AY10+'حائل'!AY10+'نجران'!AY10+'القصيم'!AY10+'الباحه'!AY10+'عسير'!AY10+'جازان'!AY10+'جده'!AY10+'الطائف'!AY10+'العاصمه'!AZ10+'القريات'!AY10 -> 8664 | AZ11: =SUM(AW11:AY11) -> 76209 | BA11: ='الرياض'!BA10+'المدينه المنوره'!BA10+'الشرقيه'!BA10+'الحدود الشماليه'!BA10+'تبوك'!BA10+'الجوف'!BA10+'حائل'!BA10+'نجران'!BA10+'القصيم'!BA10+'الباحه'!BA10+'عسير'!BA10+'جازان'!BA10+'جده'!BA10+'الطائف'!BA10+'العاصمه'!BB10+'القريات'!BA10 -> 27421 | BB11: ='الرياض'!BB10+'المدينه المنوره'!BB10+'الشرقيه'!BB10+'الحدود الشماليه'!BB10+'تبوك'!BB10+'الجوف'!BB10+'حائل'!BB10+'نجران'!BB10+'القصيم'!BB10+'الباحه'!BB10+'عسير'!BB10+'جازان'!BB10+'جده'!BB10+'الطائف'!BB10+'العاصمه'!BC10+'القريات'!$BB10 -> 4256 | BC11: ='الرياض'!BC10+'المدينه المنوره'!BC10+'الشرقيه'!BC10+'الحدود الشماليه'!BC10+'تبوك'!BC10+'الجوف'!BC10+'حائل'!BC10+'نجران'!BC10+'القصيم'!BC10+'الباحه'!BC10+'عسير'!BC10+'جازان'!BC10+'جده'!BC10+'الطائف'!BC10+'العاصمه'!BD10+'القريات'!BC10 -> 681 | BD11: ='الرياض'!BD10+'المدينه المنوره'!BD10+'الشرقيه'!BD10+'الحدود الشماليه'!BD10+'تبوك'!BD10+'الجوف'!BD10+'حائل'!BD10+'نجران'!BD10+'القصيم'!BD10+'الباحه'!BD10+'عسير'!BD10+'جازان'!BD10+'جده'!BD10+'الطائف'!BD10+'العاصمه'!BE10+'القريات'!BD10 -> 75 | BE11: ='الرياض'!BE10+'المدينه المنوره'!BE10+'الشرقيه'!BE10+'الحدود الشماليه'!BE10+'تبوك'!BE10+'الجوف'!BE10+'حائل'!BE10+'نجران'!BE10+'القصيم'!BE10+'الباحه'!BE10+'عسير'!BE10+'جازان'!BE10+'جده'!BE10+'الطائف'!BE10+'العاصمه'!BF10+'القريات'!BE10 -> 89 | BF11: ='الرياض'!BF10+'المدينه المنوره'!BF10+'الشرقيه'!BF10+'الحدود الشماليه'!BF10+'تبوك'!BF10+'الجوف'!BF10+'حائل'!BF10+'نجران'!BF10+'القصيم'!BF10+'الباحه'!BF10+'عسير'!BF10+'جازان'!BF10+'جده'!BF10+'الطائف'!BF10+'العاصمه'!BG10+'القريات'!BF10 -> 2034 | BG11: ='الرياض'!BG10+'المدينه المنوره'!BG10+'الشرقيه'!BG10+'الحدود الشماليه'!BG10+'تبوك'!BG10+'الجوف'!BG10+'حائل'!BG10+'نجران'!BG10+'القصيم'!BG10+'الباحه'!BG10+'عسير'!BG10+'جازان'!BG10+'جده'!BG10+'الطائف'!BG10+'العاصمه'!BH10+'القريات'!BG10 -> 3502 | BH11: ='الرياض'!BH10+'المدينه المنوره'!BH10+'الشرقيه'!BH10+'الحدود الشماليه'!BH10+'تبوك'!BH10+'الجوف'!BH10+'حائل'!BH10+'نجران'!BH10+'القصيم'!BH10+'الباحه'!BH10+'عسير'!BH10+'جازان'!BH10+'جده'!BH10+'الطائف'!BH10+'العاصمه'!BI10+'القريات'!BH10 -> 1880 | BI11: =SUM(BA11:BH11) -> 39938 | BJ11: ='الرياض'!BJ10+'المدينه المنوره'!BJ10+'الشرقيه'!BJ10+'الحدود الشماليه'!BJ10+'تبوك'!BJ10+'الجوف'!BJ10+'حائل'!BJ10+'نجران'!BJ10+'القصيم'!BJ10+'الباحه'!BJ10+'عسير'!BJ10+'جازان'!BJ10+'جده'!BJ10+'الطائف'!BJ10+'العاصمه'!BK10+'القريات'!BJ10 -> 4343 | BK11: ='الرياض'!BK10+'المدينه المنوره'!BK10+'الشرقيه'!BK10+'الحدود الشماليه'!BK10+'تبوك'!BK10+'الجوف'!BK10+'حائل'!BK10+'نجران'!BK10+'القصيم'!BK10+'الباحه'!BK10+'عسير'!BK10+'جازان'!BK10+'جده'!BK10+'الطائف'!BK10+'العاصمه'!BL10+'القريات'!BK10 -> 4111 | BL11: ='الرياض'!BL10+'المدينه المنوره'!BL10+'الشرقيه'!BL10+'الحدود الشماليه'!BL10+'تبوك'!BL10+'الجوف'!BL10+'حائل'!BL10+'نجران'!BL10+'القصيم'!BL10+'الباحه'!BL10+'عسير'!BL10+'جازان'!BL10+'جده'!BL10+'الطائف'!BL10+'العاصمه'!BM10+'القريات'!BL10 -> 5486 | BM11: ='الرياض'!BM10+'المدينه المنوره'!BM10+'الشرقيه'!BM10+'الحدود الشماليه'!BM10+'تبوك'!BM10+'الجوف'!BM10+'حائل'!BM10+'نجران'!BM10+'القصيم'!BM10+'الباحه'!BM10+'عسير'!BM10+'جازان'!BM10+'جده'!BM10+'الطائف'!BM10+'العاصمه'!BN10+'القريات'!BM10 -> 3838 | BN11: ='الرياض'!BN10+'المدينه المنوره'!BN10+'الشرقيه'!BN10+'الحدود الشماليه'!BN10+'تبوك'!BN10+'الجوف'!BN10+'حائل'!BN10+'نجران'!BN10+'القصيم'!BN10+'الباحه'!BN10+'عسير'!BN10+'جازان'!BN10+'جده'!BN10+'الطائف'!BN10+'العاصمه'!BO10+'القريات'!BN10 -> 10889 | BO11: ='الرياض'!BO10+'المدينه المنوره'!BO10+'الشرقيه'!BO10+'الحدود الشماليه'!BO10+'تبوك'!BO10+'الجوف'!BO10+'حائل'!BO10+'نجران'!BO10+'القصيم'!BO10+'الباحه'!BO10+'عسير'!BO10+'جازان'!BO10+'جده'!BO10+'الطائف'!BO10+'العاصمه'!BP10+'القريات'!BO10 -> 4 | BP11: ='الرياض'!BP10+'المدينه المنوره'!BP10+'الشرقيه'!BP10+'الحدود الشماليه'!BP10+'تبوك'!BP10+'الجوف'!BP10+'حائل'!BP10+'نجران'!BP10+'القصيم'!BP10+'الباحه'!BP10+'عسير'!BP10+'جازان'!BP10+'جده'!BP10+'الطائف'!BP10+'العاصمه'!BQ10+'القريات'!BP10 -> 11267 | BQ11: =SUM(BJ11:BP11) -> 39938 | BR11: ='الرياض'!BR10+'المدينه المنوره'!BR10+'الشرقيه'!BR10+'الحدود الشماليه'!BR10+'تبوك'!BR10+'الجوف'!BR10+'حائل'!BR10+'نجران'!BR10+'القصيم'!BR10+'الباحه'!BR10+'عسير'!BR10+'جازان'!BR10+'جده'!BR10+'الطائف'!BR10+'العاصمه'!BS10+'القريات'!BR10 -> 3389 | BS11: ='الرياض'!BS10+'المدينه المنوره'!BS10+'الشرقيه'!BS10+'الحدود الشماليه'!BS10+'تبوك'!BS10+'الجوف'!BS10+'حائل'!BS10+'نجران'!BS10+'القصيم'!BS10+'الباحه'!BS10+'عسير'!BS10+'جازان'!BS10+'جده'!BS10+'الطائف'!BS10+'العاصمه'!BT10+'القريات'!BS10 -> 965 | BT11: ='الرياض'!BT10+'المدينه المنوره'!BT10+'الشرقيه'!BT10+'الحدود الشماليه'!BT10+'تبوك'!BT10+'الجوف'!BT10+'حائل'!BT10+'نجران'!BT10+'القصيم'!BT10+'الباحه'!BT10+'عسير'!BT10+'جازان'!BT10+'جده'!BT10+'الطائف'!BT10+'العاصمه'!BU10+'القريات'!BT10 -> 73846 | BU11: =SUM(BR11:BT11) -> 78200
A12: شوال | B12: ='الرياض'!B11+'المدينه المنوره'!B11+'الشرقيه'!B11+'الحدود الشماليه'!B11+'تبوك'!B11+'الجوف'!B11+'حائل'!B11+'نجران'!B11+'القصيم'!B11+'الباحه'!B11+'عسير'!B11+'جازان'!B11+'جده'!B11+'الطائف'!B11+'العاصمه'!C11+'القريات'!B11 -> 38462 | C12: ='الرياض'!C11+'المدينه المنوره'!C11+'الشرقيه'!C11+'الحدود الشماليه'!C11+'تبوك'!C11+'الجوف'!C11+'حائل'!C11+'نجران'!C11+'القصيم'!C11+'الباحه'!C11+'عسير'!C11+'جازان'!C11+'جده'!C11+'الطائف'!C11+'العاصمه'!D11+'القريات'!C11 -> 1705 | D12: ='الرياض'!D11+'المدينه المنوره'!D11+'الشرقيه'!D11+'الحدود الشماليه'!D11+'تبوك'!D11+'الجوف'!D11+'حائل'!D11+'نجران'!D11+'القصيم'!D11+'الباحه'!D11+'عسير'!D11+'جازان'!D11+'جده'!D11+'الطائف'!D11+'العاصمه'!E11+'القريات'!D11 -> 542 | E12: =SUM(B12:D12) -> 40709 | F12: ='الرياض'!F11+'المدينه المنوره'!F11+'الشرقيه'!F11+'الحدود الشماليه'!F11+'تبوك'!F11+'الجوف'!F11+'حائل'!F11+'نجران'!F11+'القصيم'!F11+'الباحه'!F11+'عسير'!F11+'جازان'!F11+'جده'!F11+'الطائف'!F11+'العاصمه'!G11+'القريات'!F11 -> 6005 | G12: ='الرياض'!G11+'المدينه المنوره'!G11+'الشرقيه'!G11+'الحدود الشماليه'!G11+'تبوك'!G11+'الجوف'!G11+'حائل'!G11+'نجران'!G11+'القصيم'!G11+'الباحه'!G11+'عسير'!G11+'جازان'!G11+'جده'!G11+'الطائف'!G11+'العاصمه'!H11+'القريات'!G11 -> 6248 | H12: ='الرياض'!H11+'المدينه المنوره'!H11+'الشرقيه'!H11+'الحدود الشماليه'!H11+'تبوك'!H11+'الجوف'!H11+'حائل'!H11+'نجران'!H11+'القصيم'!H11+'الباحه'!H11+'عسير'!H11+'جازان'!H11+'جده'!H11+'الطائف'!H11+'العاصمه'!I11+'القريات'!H11 -> 5865 | I12: ='الرياض'!I11+'المدينه المنوره'!I11+'الشرقيه'!I11+'الحدود الشماليه'!I11+'تبوك'!I11+'الجوف'!I11+'حائل'!I11+'نجران'!I11+'القصيم'!I11+'الباحه'!I11+'عسير'!I11+'جازان'!I11+'جده'!I11+'الطائف'!I11+'العاصمه'!J11+'القريات'!I11 -> 5897 | J12: ='الرياض'!J11+'المدينه المنوره'!J11+'الشرقيه'!J11+'الحدود الشماليه'!J11+'تبوك'!J11+'الجوف'!J11+'حائل'!J11+'نجران'!J11+'القصيم'!J11+'الباحه'!J11+'عسير'!J11+'جازان'!J11+'جده'!J11+'الطائف'!J11+'العاصمه'!K11+'القريات'!J11 -> 5478 | K12: ='الرياض'!K11+'المدينه المنوره'!K11+'الشرقيه'!K11+'الحدود الشماليه'!K11+'تبوك'!K11+'الجوف'!K11+'حائل'!K11+'نجران'!K11+'القصيم'!K11+'الباحه'!K11+'عسير'!K11+'جازان'!K11+'جده'!K11+'الطائف'!K11+'العاصمه'!L11+'القريات'!K11 -> 5869 | L12: ='الرياض'!L11+'المدينه المنوره'!L11+'الشرقيه'!L11+'الحدود الشماليه'!L11+'تبوك'!L11+'الجوف'!L11+'حائل'!L11+'نجران'!L11+'القصيم'!L11+'الباحه'!L11+'عسير'!L11+'جازان'!L11+'جده'!L11+'الطائف'!L11+'العاصمه'!M11+'القريات'!L11 -> 5347 | M12: =SUM(F12:L12) -> 40709 | N12: ='الرياض'!N11+'المدينه المنوره'!N11+'الشرقيه'!N11+'الحدود الشماليه'!N11+'تبوك'!N11+'الجوف'!N11+'حائل'!N11+'نجران'!N11+'القصيم'!N11+'الباحه'!N11+'عسير'!N11+'جازان'!N11+'جده'!N11+'الطائف'!N11+'العاصمه'!O11+'القريات'!N11 -> 25651 | O12: ='الرياض'!O11+'المدينه المنوره'!O11+'الشرقيه'!O11+'الحدود الشماليه'!O11+'تبوك'!O11+'الجوف'!O11+'حائل'!O11+'نجران'!O11+'القصيم'!O11+'الباحه'!O11+'عسير'!O11+'جازان'!O11+'جده'!O11+'الطائف'!O11+'العاصمه'!P11+'القريات'!O11 -> 15058 | P12: =SUM(N12:O12) -> 40709 | Q12: ='الرياض'!Q11+'المدينه المنوره'!Q11+'الشرقيه'!Q11+'الحدود الشماليه'!Q11+'تبوك'!Q11+'الجوف'!Q11+'حائل'!Q11+'نجران'!Q11+'القصيم'!Q11+'الباحه'!Q11+'عسير'!Q11+'جازان'!Q11+'جده'!Q11+'الطائف'!Q11+'العاصمه'!R11+'القريات'!Q11 -> 24019 | R12: ='الرياض'!R11+'المدينه المنوره'!R11+'الشرقيه'!R11+'الحدود الشماليه'!R11+'تبوك'!R11+'الجوف'!R11+'حائل'!R11+'نجران'!R11+'القصيم'!R11+'الباحه'!R11+'عسير'!R11+'جازان'!R11+'جده'!R11+'الطائف'!R11+'العاصمه'!S11+'القريات'!R11 -> 16690 | S12: =SUM(Q12:R12) -> 40709 | T12: ='الرياض'!T11+'المدينه المنوره'!T11+'الشرقيه'!T11+'الحدود الشماليه'!T11+'تبوك'!T11+'الجوف'!T11+'حائل'!T11+'نجران'!T11+'القصيم'!T11+'الباحه'!T11+'عسير'!T11+'جازان'!T11+'جده'!T11+'الطائف'!T11+'العاصمه'!U11+'القريات'!T11 -> 38402 | U12: ='الرياض'!U11+'المدينه المنوره'!U11+'الشرقيه'!U11+'الحدود الشماليه'!U11+'تبوك'!U11+'الجوف'!U11+'حائل'!U11+'نجران'!U11+'القصيم'!U11+'الباحه'!U11+'عسير'!U11+'جازان'!U11+'جده'!U11+'الطائف'!U11+'العاصمه'!V11+'القريات'!U11 -> 9872 | V12: ='الرياض'!V11+'المدينه المنوره'!V11+'الشرقيه'!V11+'الحدود الشماليه'!V11+'تبوك'!V11+'الجوف'!V11+'حائل'!V11+'نجران'!V11+'القصيم'!V11+'الباحه'!V11+'عسير'!V11+'جازان'!V11+'جده'!V11+'الطائف'!V11+'العاصمه'!W11+'القريات'!V11 -> 1573 | W12: ='الرياض'!W11+'المدينه المنوره'!W11+'الشرقيه'!W11+'الحدود الشماليه'!W11+'تبوك'!W11+'الجوف'!W11+'حائل'!W11+'نجران'!W11+'القصيم'!W11+'الباحه'!W11+'عسير'!W11+'جازان'!W11+'جده'!W11+'الطائف'!W11+'العاصمه'!X11+'القريات'!W11 -> 9058 | X12: ='الرياض'!X11+'المدينه المنوره'!X11+'الشرقيه'!X11+'الحدود الشماليه'!X11+'تبوك'!X11+'الجوف'!X11+'حائل'!X11+'نجران'!X11+'القصيم'!X11+'الباحه'!X11+'عسير'!X11+'جازان'!X11+'جده'!X11+'الطائف'!X11+'العاصمه'!Y11+'القريات'!X11 -> 5494 | Y12: ='الرياض'!Y11+'المدينه المنوره'!Y11+'الشرقيه'!Y11+'الحدود الشماليه'!Y11+'تبوك'!Y11+'الجوف'!Y11+'حائل'!Y11+'نجران'!Y11+'القصيم'!Y11+'الباحه'!Y11+'عسير'!Y11+'جازان'!Y11+'جده'!Y11+'الطائف'!Y11+'العاصمه'!Z11+'القريات'!Y11 -> 843 | Z12: ='الرياض'!Z11+'المدينه المنوره'!Z11+'الشرقيه'!Z11+'الحدود الشماليه'!Z11+'تبوك'!Z11+'الجوف'!Z11+'حائل'!Z11+'نجران'!Z11+'القصيم'!Z11+'الباحه'!Z11+'عسير'!Z11+'جازان'!Z11+'جده'!Z11+'الطائف'!Z11+'العاصمه'!AA11+'القريات'!Z11 -> 1798 | AA12: =SUM(T12:Z12) -> 67040 | AB12: ='الرياض'!AB11+'المدينه المنوره'!AB11+'الشرقيه'!AB11+'الحدود الشماليه'!AB11+'تبوك'!AB11+'الجوف'!AB11+'حائل'!AB11+'نجران'!AB11+'القصيم'!AB11+'الباحه'!AB11+'عسير'!AB11+'جازان'!AB11+'جده'!AB11+'الطائف'!AB11+'العاصمه'!AC11+'القريات'!AB11 -> 8030 | AC12: ='الرياض'!AC11+'المدينه المنوره'!AC11+'الشرقيه'!AC11+'الحدود الشماليه'!AC11+'تبوك'!AC11+'الجوف'!AC11+'حائل'!AC11+'نجران'!AC11+'القصيم'!AC11+'الباحه'!AC11+'عسير'!AC11+'جازان'!AC11+'جده'!AC11+'الطائف'!AC11+'العاصمه'!AD11+'القريات'!AC11 -> 26713 | AD12: ='الرياض'!AD11+'المدينه المنوره'!AD11+'الشرقيه'!AD11+'الحدود الشماليه'!AD11+'تبوك'!AD11+'الجوف'!AD11+'حائل'!AD11+'نجران'!AD11+'القصيم'!AD11+'الباحه'!AD11+'عسير'!AD11+'جازان'!AD11+'جده'!AD11+'الطائف'!AD11+'العاصمه'!AE11+'القريات'!AD11 -> 25060 | AE12: ='الرياض'!AE11+'المدينه المنوره'!AE11+'الشرقيه'!AE11+'الحدود الشماليه'!AE11+'تبوك'!AE11+'الجوف'!AE11+'حائل'!AE11+'نجران'!AE11+'القصيم'!AE11+'الباحه'!AE11+'عسير'!AE11+'جازان'!AE11+'جده'!AE11+'الطائف'!AE11+'العاصمه'!AF11+'القريات'!AE11 -> 11749 | AF12: ='الرياض'!AF11+'المدينه المنوره'!AF11+'الشرقيه'!AF11+'الحدود الشماليه'!AF11+'تبوك'!AF11+'الجوف'!AF11+'حائل'!AF11+'نجران'!AF11+'القصيم'!AF11+'الباحه'!AF11+'عسير'!AF11+'جازان'!AF11+'جده'!AF11+'الطائف'!AF11+'العاصمه'!AG11+'القريات'!AF11 -> 4531 | AG12: =SUM(AB12:AF12) -> 76083 | AH12: ='الرياض'!AH11+'المدينه المنوره'!AH11+'الشرقيه'!AH11+'الحدود الشماليه'!AH11+'تبوك'!AH11+'الجوف'!AH11+'حائل'!AH11+'نجران'!AH11+'القصيم'!AH11+'الباحه'!AH11+'عسير'!AH11+'جازان'!AH11+'جده'!AH11+'الطائف'!AH11+'العاصمه'!AI11+'القريات'!AH11 -> 49573 | AI12: ='الرياض'!AI11+'المدينه المنوره'!AI11+'الشرقيه'!AI11+'الحدود الشماليه'!AI11+'تبوك'!AI11+'الجوف'!AI11+'حائل'!AI11+'نجران'!AI11+'القصيم'!AI11+'الباحه'!AI11+'عسير'!AI11+'جازان'!AI11+'جده'!AI11+'الطائف'!AI11+'العاصمه'!AJ11+'القريات'!AI11 -> 26510 | AJ12: =SUM(AH12:AI12) -> 76083 | AK12: ='الرياض'!AK11+'المدينه المنوره'!AK11+'الشرقيه'!AK11+'الحدود الشماليه'!AK11+'تبوك'!AK11+'الجوف'!AK11+'حائل'!AK11+'نجران'!AK11+'القصيم'!AK11+'الباحه'!AK11+'عسير'!AK11+'جازان'!AK11+'جده'!AK11+'الطائف'!AK11+'العاصمه'!AL11+'القريات'!AK11 -> 46902 | AL12: ='الرياض'!AL11+'المدينه المنوره'!AL11+'الشرقيه'!AL11+'الحدود الشماليه'!AL11+'تبوك'!AL11+'الجوف'!AL11+'حائل'!AL11+'نجران'!AL11+'القصيم'!AL11+'الباحه'!AL11+'عسير'!AL11+'جازان'!AL11+'جده'!AL11+'الطائف'!AL11+'العاصمه'!AM11+'القريات'!AL11 -> 29181 | AM12: =SUM(AK12:AL12) -> 76083 | AN12: ='الرياض'!AN11+'المدينه المنوره'!AN11+'الشرقيه'!AN11+'الحدود الشماليه'!AN11+'تبوك'!AN11+'الجوف'!AN11+'حائل'!AN11+'نجران'!AN11+'القصيم'!AN11+'الباحه'!AN11+'عسير'!AN11+'جازان'!AN11+'جده'!AN11+'الطائف'!AN11+'العاصمه'!AO11+'القريات'!AN11 -> 74604 | AO12: ='الرياض'!AO11+'المدينه المنوره'!AO11+'الشرقيه'!AO11+'الحدود الشماليه'!AO11+'تبوك'!AO11+'الجوف'!AO11+'حائل'!AO11+'نجران'!AO11+'القصيم'!AO11+'الباحه'!AO11+'عسير'!AO11+'جازان'!AO11+'جده'!AO11+'الطائف'!AO11+'العاصمه'!AP11+'القريات'!AO11 -> 1479 | AP12: =SUM(AN12:AO12) -> 76083 | AQ12: ='الرياض'!AQ11+'المدينه المنوره'!AQ11+'الشرقيه'!AQ11+'الحدود الشماليه'!AQ11+'تبوك'!AQ11+'الجوف'!AQ11+'حائل'!AQ11+'نجران'!AQ11+'القصيم'!AQ11+'الباحه'!AQ11+'عسير'!AQ11+'جازان'!AQ11+'جده'!AQ11+'الطائف'!AQ11+'العاصمه'!AR11+'القريات'!AQ11 -> 50534 | AR12: ='الرياض'!AR11+'المدينه المنوره'!AR11+'الشرقيه'!AR11+'الحدود الشماليه'!AR11+'تبوك'!AR11+'الجوف'!AR11+'حائل'!AR11+'نجران'!AR11+'القصيم'!AR11+'الباحه'!AR11+'عسير'!AR11+'جازان'!AR11+'جده'!AR11+'الطائف'!AR11+'العاصمه'!AS11+'القريات'!AR11 -> 13678 | AS12: ='الرياض'!AS11+'المدينه المنوره'!AS11+'الشرقيه'!AS11+'الحدود الشماليه'!AS11+'تبوك'!AS11+'الجوف'!AS11+'حائل'!AS11+'نجران'!AS11+'القصيم'!AS11+'الباحه'!AS11+'عسير'!AS11+'جازان'!AS11+'جده'!AS11+'الطائف'!AS11+'العاصمه'!AT11+'القريات'!AS11 -> 838 | AT12: ='الرياض'!AT11+'المدينه المنوره'!AT11+'الشرقيه'!AT11+'الحدود الشماليه'!AT11+'تبوك'!AT11+'الجوف'!AT11+'حائل'!AT11+'نجران'!AT11+'القصيم'!AT11+'الباحه'!AT11+'عسير'!AT11+'جازان'!AT11+'جده'!AT11+'الطائف'!AT11+'العاصمه'!AU11+'القريات'!AT11 -> 283 | AU12: ='الرياض'!AU11+'المدينه المنوره'!AU11+'الشرقيه'!AU11+'الحدود الشماليه'!AU11+'تبوك'!AU11+'الجوف'!AU11+'حائل'!AU11+'نجران'!AU11+'القصيم'!AU11+'الباحه'!AU11+'عسير'!AU11+'جازان'!AU11+'جده'!AU11+'الطائف'!AU11+'العاصمه'!AV11+'القريات'!AU11 -> 10750 | AV12: =SUM(AQ12:AU12) -> 76083 | AW12: =AU12 -> 10750 | AX12: ='الرياض'!AX11+'المدينه المنوره'!AX11+'الشرقيه'!AX11+'الحدود الشماليه'!AX11+'تبوك'!AX11+'الجوف'!AX11+'حائل'!AX11+'نجران'!AX11+'القصيم'!AX11+'الباحه'!AX11+'عسير'!AX11+'جازان'!AX11+'جده'!AX11+'الطائف'!AX11+'العاصمه'!AY11+'القريات'!AX11 -> 58929 | AY12: ='الرياض'!AY11+'المدينه المنوره'!AY11+'الشرقيه'!AY11+'الحدود الشماليه'!AY11+'تبوك'!AY11+'الجوف'!AY11+'حائل'!AY11+'نجران'!AY11+'القصيم'!AY11+'الباحه'!AY11+'عسير'!AY11+'جازان'!AY11+'جده'!AY11+'الطائف'!AY11+'العاصمه'!AZ11+'القريات'!AY11 -> 6404 | AZ12: =SUM(AW12:AY12) -> 76083 | BA12: ='الرياض'!BA11+'المدينه المنوره'!BA11+'الشرقيه'!BA11+'الحدود الشماليه'!BA11+'تبوك'!BA11+'الجوف'!BA11+'حائل'!BA11+'نجران'!BA11+'القصيم'!BA11+'الباحه'!BA11+'عسير'!BA11+'جازان'!BA11+'جده'!BA11+'الطائف'!BA11+'العاصمه'!BB11+'القريات'!BA11 -> 28997 | BB12: ='الرياض'!BB11+'المدينه المنوره'!BB11+'الشرقيه'!BB11+'الحدود الشماليه'!BB11+'تبوك'!BB11+'الجوف'!BB11+'حائل'!BB11+'نجران'!BB11+'القصيم'!BB11+'الباحه'!BB11+'عسير'!BB11+'جازان'!BB11+'جده'!BB11+'الطائف'!BB11+'العاصمه'!BC11+'القريات'!$BB11 -> 4649 | BC12: ='الرياض'!BC11+'المدينه المنوره'!BC11+'الشرقيه'!BC11+'الحدود الشماليه'!BC11+'تبوك'!BC11+'الجوف'!BC11+'حائل'!BC11+'نجران'!BC11+'القصيم'!BC11+'الباحه'!BC11+'عسير'!BC11+'جازان'!BC11+'جده'!BC11+'الطائف'!BC11+'العاصمه'!BD11+'القريات'!BC11 -> 843 | BD12: ='الرياض'!BD11+'المدينه المنوره'!BD11+'الشرقيه'!BD11+'الحدود الشماليه'!BD11+'تبوك'!BD11+'الجوف'!BD11+'حائل'!BD11+'نجران'!BD11+'القصيم'!BD11+'الباحه'!BD11+'عسير'!BD11+'جازان'!BD11+'جده'!BD11+'الطائف'!BD11+'العاصمه'!BE11+'القريات'!BD11 -> 59 | BE12: ='الرياض'!BE11+'المدينه المنوره'!BE11+'الشرقيه'!BE11+'الحدود الشماليه'!BE11+'تبوك'!BE11+'الجوف'!BE11+'حائل'!BE11+'نجران'!BE11+'القصيم'!BE11+'الباحه'!BE11+'عسير'!BE11+'جازان'!BE11+'جده'!BE11+'الطائف'!BE11+'العاصمه'!BF11+'القريات'!BE11 -> 66 | BF12: ='الرياض'!BF11+'المدينه المنوره'!BF11+'الشرقيه'!BF11+'الحدود الشماليه'!BF11+'تبوك'!BF11+'الجوف'!BF11+'حائل'!BF11+'نجران'!BF11+'القصيم'!BF11+'الباحه'!BF11+'عسير'!BF11+'جازان'!BF11+'جده'!BF11+'الطائف'!BF11+'العاصمه'!BG11+'القريات'!BF11 -> 1748 | BG12: ='الرياض'!BG11+'المدينه المنوره'!BG11+'الشرقيه'!BG11+'الحدود الشماليه'!BG11+'تبوك'!BG11+'الجوف'!BG11+'حائل'!BG11+'نجران'!BG11+'القصيم'!BG11+'الباحه'!BG11+'عسير'!BG11+'جازان'!BG11+'جده'!BG11+'الطائف'!BG11+'العاصمه'!BH11+'القريات'!BG11 -> 1706 | BH12: ='الرياض'!BH11+'المدينه المنوره'!BH11+'الشرقيه'!BH11+'الحدود الشماليه'!BH11+'تبوك'!BH11+'الجوف'!BH11+'حائل'!BH11+'نجران'!BH11+'القصيم'!BH11+'الباحه'!BH11+'عسير'!BH11+'جازان'!BH11+'جده'!BH11+'الطائف'!BH11+'العاصمه'!BI11+'القريات'!BH11 -> 2641 | BI12: =SUM(BA12:BH12) -> 40709 | BJ12: ='الرياض'!BJ11+'المدينه المنوره'!BJ11+'الشرقيه'!BJ11+'الحدود الشماليه'!BJ11+'تبوك'!BJ11+'الجوف'!BJ11+'حائل'!BJ11+'نجران'!BJ11+'القصيم'!BJ11+'الباحه'!BJ11+'عسير'!BJ11+'جازان'!BJ11+'جده'!BJ11+'الطائف'!BJ11+'العاصمه'!BK11+'القريات'!BJ11 -> 4369 | BK12: ='الرياض'!BK11+'المدينه المنوره'!BK11+'الشرقيه'!BK11+'الحدود الشماليه'!BK11+'تبوك'!BK11+'الجوف'!BK11+'حائل'!BK11+'نجران'!BK11+'القصيم'!BK11+'الباحه'!BK11+'عسير'!BK11+'جازان'!BK11+'جده'!BK11+'الطائف'!BK11+'العاصمه'!BL11+'القريات'!BK11 -> 4137 | BL12: ='الرياض'!BL11+'المدينه المنوره'!BL11+'الشرقيه'!BL11+'الحدود الشماليه'!BL11+'تبوك'!BL11+'الجوف'!BL11+'حائل'!BL11+'نجران'!BL11+'القصيم'!BL11+'الباحه'!BL11+'عسير'!BL11+'جازان'!BL11+'جده'!BL11+'الطائف'!BL11+'العاصمه'!BM11+'القريات'!BL11 -> 4334 | BM12: ='الرياض'!BM11+'المدينه المنوره'!BM11+'الشرقيه'!BM11+'الحدود الشماليه'!BM11+'تبوك'!BM11+'الجوف'!BM11+'حائل'!BM11+'نجران'!BM11+'القصيم'!BM11+'الباحه'!BM11+'عسير'!BM11+'جازان'!BM11+'جده'!BM11+'الطائف'!BM11+'العاصمه'!BN11+'القريات'!BM11 -> 2538 | BN12: ='الرياض'!BN11+'المدينه المنوره'!BN11+'الشرقيه'!BN11+'الحدود الشماليه'!BN11+'تبوك'!BN11+'الجوف'!BN11+'حائل'!BN11+'نجران'!BN11+'القصيم'!BN11+'الباحه'!BN11+'عسير'!BN11+'جازان'!BN11+'جده'!BN11+'الطائف'!BN11+'العاصمه'!BO11+'القريات'!BN11 -> 10352 | BO12: ='الرياض'!BO11+'المدينه المنوره'!BO11+'الشرقيه'!BO11+'الحدود الشماليه'!BO11+'تبوك'!BO11+'الجوف'!BO11+'حائل'!BO11+'نجران'!BO11+'القصيم'!BO11+'الباحه'!BO11+'عسير'!BO11+'جازان'!BO11+'جده'!BO11+'الطائف'!BO11+'العاصمه'!BP11+'القريات'!BO11 -> 3 | BP12: ='الرياض'!BP11+'المدينه المنوره'!BP11+'الشرقيه'!BP11+'الحدود الشماليه'!BP11+'تبوك'!BP11+'الجوف'!BP11+'حائل'!BP11+'نجران'!BP11+'القصيم'!BP11+'الباحه'!BP11+'عسير'!BP11+'جازان'!BP11+'جده'!BP11+'الطائف'!BP11+'العاصمه'!BQ11+'القريات'!BP11 -> 14976 | BQ12: =SUM(BJ12:BP12) -> 40709 | BR12: ='الرياض'!BR11+'المدينه المنوره'!BR11+'الشرقيه'!BR11+'الحدود الشماليه'!BR11+'تبوك'!BR11+'الجوف'!BR11+'حائل'!BR11+'نجران'!BR11+'القصيم'!BR11+'الباحه'!BR11+'عسير'!BR11+'جازان'!BR11+'جده'!BR11+'الطائف'!BR11+'العاصمه'!BS11+'القريات'!BR11 -> 3004 | BS12: ='الرياض'!BS11+'المدينه المنوره'!BS11+'الشرقيه'!BS11+'الحدود الشماليه'!BS11+'تبوك'!BS11+'الجوف'!BS11+'حائل'!BS11+'نجران'!BS11+'القصيم'!BS11+'الباحه'!BS11+'عسير'!BS11+'جازان'!BS11+'جده'!BS11+'الطائف'!BS11+'العاصمه'!BT11+'القريات'!BS11 -> 729 | BT12: ='الرياض'!BT11+'المدينه المنوره'!BT11+'الشرقيه'!BT11+'الحدود الشماليه'!BT11+'تبوك'!BT11+'الجوف'!BT11+'حائل'!BT11+'نجران'!BT11+'القصيم'!BT11+'الباحه'!BT11+'عسير'!BT11+'جازان'!BT11+'جده'!BT11+'الطائف'!BT11+'العاصمه'!BU11+'القريات'!BT11 -> 76586 | BU12: =SUM(BR12:BT12) -> 80319
